fold,C,kernel,gamma,degree,orientation,pixels_per_cell,cell_per_block,num_of_balancing,Balanced Accuracy,Precision,Recall,F1 Score
1,0.0554940809321264,polynomial,0.0004453369467623812,3,6,"(16, 16)","(3, 3)",350,0.3314,0.193,0.3314,0.2338
2,0.0554940809321264,polynomial,0.0004453369467623812,3,6,"(16, 16)","(3, 3)",350,0.3406,0.2097,0.3406,0.2596
3,0.0554940809321264,polynomial,0.0004453369467623812,3,6,"(16, 16)","(3, 3)",350,0.2811,0.1702,0.2812,0.2116
4,0.0554940809321264,polynomial,0.0004453369467623812,3,6,"(16, 16)","(3, 3)",350,0.2846,0.1669,0.2846,0.208
1,1.0918805810967878,rbf,9.258887750680873e-05,,9,"(16, 16)","(2, 2)",250,0.2725,0.2531,0.2725,0.1242
2,1.0918805810967878,rbf,9.258887750680873e-05,,9,"(16, 16)","(2, 2)",250,0.2864,0.1874,0.2864,0.1764
3,1.0918805810967878,rbf,9.258887750680873e-05,,9,"(16, 16)","(2, 2)",250,0.233,0.1158,0.233,0.113
4,1.0918805810967878,rbf,9.258887750680873e-05,,9,"(16, 16)","(2, 2)",250,0.2519,0.2584,0.2519,0.1474
1,650.6658015875612,rbf,0.010107143587817046,,8,"(12, 12)","(3, 3)",350,0.6308,0.666,0.6308,0.6374
2,650.6658015875612,rbf,0.010107143587817046,,8,"(12, 12)","(3, 3)",350,0.6654,0.6624,0.6654,0.6636
3,650.6658015875612,rbf,0.010107143587817046,,8,"(12, 12)","(3, 3)",350,0.5906,0.5968,0.5906,0.5926
4,650.6658015875612,rbf,0.010107143587817046,,8,"(12, 12)","(3, 3)",350,0.6215,0.6431,0.6215,0.6275
1,339.18380384939337,linear,auto,,7,"(24, 24)","(3, 3)",300,0.5453,0.5106,0.5452,0.5137
2,339.18380384939337,linear,auto,,7,"(24, 24)","(3, 3)",300,0.4953,0.4748,0.4953,0.4783
3,339.18380384939337,linear,auto,,7,"(24, 24)","(3, 3)",300,0.4905,0.4652,0.4905,0.4718
4,339.18380384939337,linear,auto,,7,"(24, 24)","(3, 3)",300,0.5163,0.4981,0.5163,0.4963
1,106.33917104874467,polynomial,0.004247864548619983,3,10,"(12, 12)","(2, 2)",350,0.6406,0.6554,0.6405,0.6457
2,106.33917104874467,polynomial,0.004247864548619983,3,10,"(12, 12)","(2, 2)",350,0.6438,0.6462,0.6438,0.6441
3,106.33917104874467,polynomial,0.004247864548619983,3,10,"(12, 12)","(2, 2)",350,0.5656,0.5849,0.5656,0.574
4,106.33917104874467,polynomial,0.004247864548619983,3,10,"(12, 12)","(2, 2)",350,0.5593,0.588,0.5592,0.5692
1,0.010360607563141784,rbf,0.01143381980048845,,6,"(16, 16)","(2, 2)",350,0.2672,0.2762,0.2672,0.1835
2,0.010360607563141784,rbf,0.01143381980048845,,6,"(16, 16)","(2, 2)",350,0.25,0.1074,0.25,0.1502
3,0.010360607563141784,rbf,0.01143381980048845,,6,"(16, 16)","(2, 2)",350,0.2598,0.1805,0.2598,0.1782
4,0.010360607563141784,rbf,0.01143381980048845,,6,"(16, 16)","(2, 2)",350,0.25,0.1074,0.25,0.1502
1,0.004987212215149595,linear,auto,,9,"(24, 24)","(2, 2)",250,0.404,0.3214,0.404,0.3283
2,0.004987212215149595,linear,auto,,9,"(24, 24)","(2, 2)",250,0.3598,0.2887,0.3598,0.3086
3,0.004987212215149595,linear,auto,,9,"(24, 24)","(2, 2)",250,0.3316,0.2568,0.3316,0.2887
4,0.004987212215149595,linear,auto,,9,"(24, 24)","(2, 2)",250,0.3459,0.3616,0.3459,0.3134
1,51.128716952594374,polynomial,0.0028282181322203588,2,10,"(24, 24)","(3, 3)",425,0.5636,0.5912,0.5636,0.5747
2,51.128716952594374,polynomial,0.0028282181322203588,2,10,"(24, 24)","(3, 3)",425,0.6073,0.6289,0.6073,0.6146
3,51.128716952594374,polynomial,0.0028282181322203588,2,10,"(24, 24)","(3, 3)",425,0.5201,0.5567,0.5201,0.5325
4,51.128716952594374,polynomial,0.0028282181322203588,2,10,"(24, 24)","(3, 3)",425,0.5697,0.5833,0.5698,0.5758
1,15.086145792035484,rbf,0.014669175363061157,,9,"(16, 16)","(2, 2)",350,0.6635,0.6907,0.6636,0.6744
2,15.086145792035484,rbf,0.014669175363061157,,9,"(16, 16)","(2, 2)",350,0.6667,0.7026,0.6668,0.6819
3,15.086145792035484,rbf,0.014669175363061157,,9,"(16, 16)","(2, 2)",350,0.609,0.6268,0.609,0.6139
4,15.086145792035484,rbf,0.014669175363061157,,9,"(16, 16)","(2, 2)",350,0.5964,0.6184,0.5964,0.6034
1,0.947234104061108,linear,auto,,8,"(16, 16)","(2, 2)",250,0.545,0.5145,0.545,0.5188
2,0.947234104061108,linear,auto,,8,"(16, 16)","(2, 2)",250,0.5665,0.5335,0.5666,0.5386
3,0.947234104061108,linear,auto,,8,"(16, 16)","(2, 2)",250,0.524,0.4972,0.524,0.4982
4,0.947234104061108,linear,auto,,8,"(16, 16)","(2, 2)",250,0.5623,0.5598,0.5624,0.5507
1,15.09907870746259,linear,auto,,9,"(24, 24)","(2, 2)",275,0.5356,0.4903,0.5356,0.491
2,15.09907870746259,linear,auto,,9,"(24, 24)","(2, 2)",275,0.5737,0.557,0.5736,0.5573
3,15.09907870746259,linear,auto,,9,"(24, 24)","(2, 2)",275,0.5236,0.5024,0.5236,0.5007
4,15.09907870746259,linear,auto,,9,"(24, 24)","(2, 2)",275,0.5108,0.4931,0.5108,0.4912
1,0.37761164098199596,rbf,0.0001036307585219435,,9,"(16, 16)","(3, 3)",475,0.2778,0.1657,0.2778,0.1711
2,0.37761164098199596,rbf,0.0001036307585219435,,9,"(16, 16)","(3, 3)",475,0.2887,0.1866,0.2887,0.1649
3,0.37761164098199596,rbf,0.0001036307585219435,,9,"(16, 16)","(3, 3)",475,0.2361,0.1373,0.2361,0.1616
4,0.37761164098199596,rbf,0.0001036307585219435,,9,"(16, 16)","(3, 3)",475,0.3047,0.1876,0.3047,0.2322
1,0.02896226125343105,linear,auto,,8,"(12, 12)","(2, 2)",275,0.5677,0.5634,0.5676,0.5634
2,0.02896226125343105,linear,auto,,8,"(12, 12)","(2, 2)",275,0.6069,0.5895,0.607,0.5922
3,0.02896226125343105,linear,auto,,8,"(12, 12)","(2, 2)",275,0.5444,0.5349,0.5444,0.5353
4,0.02896226125343105,linear,auto,,8,"(12, 12)","(2, 2)",275,0.5499,0.544,0.5499,0.5427
1,1.1869636028162602,polynomial,5.8659085308817046e-05,3,10,"(24, 24)","(3, 3)",450,0.2739,0.3919,0.2739,0.1485
2,1.1869636028162602,polynomial,5.8659085308817046e-05,3,10,"(24, 24)","(3, 3)",450,0.2899,0.1788,0.2899,0.158
3,1.1869636028162602,polynomial,5.8659085308817046e-05,3,10,"(24, 24)","(3, 3)",450,0.241,0.1339,0.241,0.1623
4,1.1869636028162602,polynomial,5.8659085308817046e-05,3,10,"(24, 24)","(3, 3)",450,0.2597,0.1501,0.2596,0.1804
1,0.002619500991823964,rbf,0.0011201394046625713,,7,"(16, 16)","(3, 3)",325,0.3266,0.1904,0.3266,0.2327
2,0.002619500991823964,rbf,0.0011201394046625713,,7,"(16, 16)","(3, 3)",325,0.3369,0.2053,0.3368,0.255
3,0.002619500991823964,rbf,0.0011201394046625713,,7,"(16, 16)","(3, 3)",325,0.2459,0.1433,0.2459,0.1628
4,0.002619500991823964,rbf,0.0011201394046625713,,7,"(16, 16)","(3, 3)",325,0.2697,0.1564,0.2697,0.1939
1,0.017855982282744255,polynomial,2.10795052172271e-05,2,8,"(12, 12)","(2, 2)",425,0.2834,0.5484,0.2834,0.2138
2,0.017855982282744255,polynomial,2.10795052172271e-05,2,8,"(12, 12)","(2, 2)",425,0.25,0.1074,0.25,0.1502
3,0.017855982282744255,polynomial,2.10795052172271e-05,2,8,"(12, 12)","(2, 2)",425,0.2586,0.2338,0.2586,0.1677
4,0.017855982282744255,polynomial,2.10795052172271e-05,2,8,"(12, 12)","(2, 2)",425,0.25,0.1081,0.25,0.1509
1,519.4644024449819,linear,auto,,10,"(24, 24)","(2, 2)",375,0.5665,0.5462,0.5665,0.5452
2,519.4644024449819,linear,auto,,10,"(24, 24)","(2, 2)",375,0.58,0.5745,0.58,0.5724
3,519.4644024449819,linear,auto,,10,"(24, 24)","(2, 2)",375,0.5449,0.5317,0.5449,0.535
4,519.4644024449819,linear,auto,,10,"(24, 24)","(2, 2)",375,0.5309,0.5304,0.5308,0.5247
1,31.772892668956736,polynomial,0.058859806174256686,2,10,"(12, 12)","(2, 2)",325,0.6066,0.6036,0.6066,0.6017
2,31.772892668956736,polynomial,0.058859806174256686,2,10,"(12, 12)","(2, 2)",325,0.6051,0.5985,0.6052,0.6008
3,31.772892668956736,polynomial,0.058859806174256686,2,10,"(12, 12)","(2, 2)",325,0.6078,0.5896,0.6078,0.5946
4,31.772892668956736,polynomial,0.058859806174256686,2,10,"(12, 12)","(2, 2)",325,0.5929,0.6209,0.5929,0.6045
1,0.03160947837078526,polynomial,0.006027973448598274,3,10,"(16, 16)","(3, 3)",250,0.2576,0.2968,0.2576,0.0935
2,0.03160947837078526,polynomial,0.006027973448598274,3,10,"(16, 16)","(3, 3)",250,0.2575,0.214,0.2575,0.0939
3,0.03160947837078526,polynomial,0.006027973448598274,3,10,"(16, 16)","(3, 3)",250,0.2514,0.1312,0.2514,0.1099
4,0.03160947837078526,polynomial,0.006027973448598274,3,10,"(16, 16)","(3, 3)",250,0.2537,0.1721,0.2537,0.0865
1,207.83485006567003,polynomial,0.022444141445516333,4,10,"(16, 16)","(2, 2)",425,0.6603,0.6992,0.6604,0.6729
2,207.83485006567003,polynomial,0.022444141445516333,4,10,"(16, 16)","(2, 2)",425,0.6801,0.7065,0.6801,0.6916
3,207.83485006567003,polynomial,0.022444141445516333,4,10,"(16, 16)","(2, 2)",425,0.615,0.6455,0.615,0.6272
4,207.83485006567003,polynomial,0.022444141445516333,4,10,"(16, 16)","(2, 2)",425,0.6264,0.6801,0.6264,0.6444
1,30.02636202690839,polynomial,1.940554420930995e-05,4,6,"(12, 12)","(3, 3)",425,0.3141,0.4288,0.314,0.2214
2,30.02636202690839,polynomial,1.940554420930995e-05,4,6,"(12, 12)","(3, 3)",425,0.3039,0.1809,0.3039,0.1992
3,30.02636202690839,polynomial,1.940554420930995e-05,4,6,"(12, 12)","(3, 3)",425,0.2777,0.1736,0.2776,0.2132
4,30.02636202690839,polynomial,1.940554420930995e-05,4,6,"(12, 12)","(3, 3)",425,0.2923,0.1806,0.2924,0.2233
1,58.27276329906924,rbf,4.263805753824237e-05,,9,"(12, 12)","(3, 3)",450,0.5602,0.6348,0.5602,0.5843
2,58.27276329906924,rbf,4.263805753824237e-05,,9,"(12, 12)","(3, 3)",450,0.5859,0.6439,0.5859,0.6074
3,58.27276329906924,rbf,4.263805753824237e-05,,9,"(12, 12)","(3, 3)",450,0.5143,0.5594,0.5143,0.5272
4,58.27276329906924,rbf,4.263805753824237e-05,,9,"(12, 12)","(3, 3)",450,0.5324,0.6026,0.5324,0.5536
1,0.015982326804198154,linear,auto,,8,"(24, 24)","(2, 2)",425,0.4653,0.5631,0.4653,0.4864
2,0.015982326804198154,linear,auto,,8,"(24, 24)","(2, 2)",425,0.4907,0.5592,0.4907,0.5073
3,0.015982326804198154,linear,auto,,8,"(24, 24)","(2, 2)",425,0.4319,0.482,0.4319,0.443
4,0.015982326804198154,linear,auto,,8,"(24, 24)","(2, 2)",425,0.4836,0.5673,0.4836,0.503
1,0.8249109664948209,polynomial,0.012171304534310973,3,7,"(24, 24)","(3, 3)",500,0.5456,0.5698,0.5456,0.5553
2,0.8249109664948209,polynomial,0.012171304534310973,3,7,"(24, 24)","(3, 3)",500,0.5086,0.5322,0.5086,0.516
3,0.8249109664948209,polynomial,0.012171304534310973,3,7,"(24, 24)","(3, 3)",500,0.4667,0.486,0.4667,0.4734
4,0.8249109664948209,polynomial,0.012171304534310973,3,7,"(24, 24)","(3, 3)",500,0.4951,0.5022,0.4951,0.4967
1,15.41390576033903,polynomial,0.014214151928630573,3,9,"(12, 12)","(2, 2)",375,0.6167,0.6474,0.6166,0.6232
2,15.41390576033903,polynomial,0.014214151928630573,3,9,"(12, 12)","(2, 2)",375,0.6239,0.6329,0.6239,0.6277
3,15.41390576033903,polynomial,0.014214151928630573,3,9,"(12, 12)","(2, 2)",375,0.5999,0.5968,0.5999,0.5972
4,15.41390576033903,polynomial,0.014214151928630573,3,9,"(12, 12)","(2, 2)",375,0.5783,0.598,0.5783,0.5846
1,8.67820630197134,polynomial,0.00029188260114347477,4,8,"(12, 12)","(2, 2)",325,0.3136,0.1999,0.3136,0.243
2,8.67820630197134,polynomial,0.00029188260114347477,4,8,"(12, 12)","(2, 2)",325,0.2759,0.3595,0.2758,0.1992
3,8.67820630197134,polynomial,0.00029188260114347477,4,8,"(12, 12)","(2, 2)",325,0.2541,0.1566,0.2541,0.1938
4,8.67820630197134,polynomial,0.00029188260114347477,4,8,"(12, 12)","(2, 2)",325,0.3138,0.2234,0.3138,0.2486
1,271.2720063755522,rbf,0.03451005508714583,,10,"(12, 12)","(2, 2)",500,0.4932,0.6121,0.4932,0.4989
2,271.2720063755522,rbf,0.03451005508714583,,10,"(12, 12)","(2, 2)",500,0.4802,0.5915,0.4801,0.4913
3,271.2720063755522,rbf,0.03451005508714583,,10,"(12, 12)","(2, 2)",500,0.4956,0.5819,0.4956,0.482
4,271.2720063755522,rbf,0.03451005508714583,,10,"(12, 12)","(2, 2)",500,0.4789,0.5613,0.4789,0.4875
1,0.17569063091030068,rbf,0.014424725129188014,,8,"(12, 12)","(3, 3)",500,0.476,0.3909,0.476,0.4067
2,0.17569063091030068,rbf,0.014424725129188014,,8,"(12, 12)","(3, 3)",500,0.4793,0.5165,0.4792,0.3489
3,0.17569063091030068,rbf,0.014424725129188014,,8,"(12, 12)","(3, 3)",500,0.4237,0.3409,0.4238,0.347
4,0.17569063091030068,rbf,0.014424725129188014,,8,"(12, 12)","(3, 3)",500,0.3769,0.2795,0.3769,0.3064
1,1.6921791049515205,rbf,0.00010470234751802589,,6,"(16, 16)","(2, 2)",300,0.2903,0.1938,0.2902,0.2258
2,1.6921791049515205,rbf,0.00010470234751802589,,6,"(16, 16)","(2, 2)",300,0.2586,0.2338,0.2586,0.1677
3,1.6921791049515205,rbf,0.00010470234751802589,,6,"(16, 16)","(2, 2)",300,0.2791,0.1768,0.2791,0.2143
4,1.6921791049515205,rbf,0.00010470234751802589,,6,"(16, 16)","(2, 2)",300,0.2943,0.2378,0.2942,0.2272
1,0.20206832293140217,polynomial,0.003336054574613756,2,9,"(16, 16)","(3, 3)",325,0.3028,0.1779,0.3028,0.2024
2,0.20206832293140217,polynomial,0.003336054574613756,2,9,"(16, 16)","(3, 3)",325,0.3254,0.1915,0.3254,0.2348
3,0.20206832293140217,polynomial,0.003336054574613756,2,9,"(16, 16)","(3, 3)",325,0.2459,0.1433,0.2459,0.1628
4,0.20206832293140217,polynomial,0.003336054574613756,2,9,"(16, 16)","(3, 3)",325,0.2697,0.1567,0.2697,0.1937
1,52.37766956553052,rbf,1.3409584287503571e-05,,8,"(24, 24)","(2, 2)",500,0.3093,0.1816,0.3093,0.2233
2,52.37766956553052,rbf,1.3409584287503571e-05,,8,"(24, 24)","(2, 2)",500,0.3128,0.1849,0.3128,0.2164
3,52.37766956553052,rbf,1.3409584287503571e-05,,8,"(24, 24)","(2, 2)",500,0.2828,0.18,0.2828,0.2173
4,52.37766956553052,rbf,1.3409584287503571e-05,,8,"(24, 24)","(2, 2)",500,0.2814,0.1783,0.2814,0.2172
1,640.7618855804105,polynomial,2.6949089122736144e-05,3,8,"(16, 16)","(2, 2)",425,0.25,0.1074,0.25,0.1502
2,640.7618855804105,polynomial,2.6949089122736144e-05,3,8,"(16, 16)","(2, 2)",425,0.25,0.1074,0.25,0.1502
3,640.7618855804105,polynomial,2.6949089122736144e-05,3,8,"(16, 16)","(2, 2)",425,0.25,0.1074,0.25,0.1502
4,640.7618855804105,polynomial,2.6949089122736144e-05,3,8,"(16, 16)","(2, 2)",425,0.25,0.1074,0.25,0.1502
1,15.843847043980649,polynomial,0.0017938406877868688,3,9,"(24, 24)","(3, 3)",300,0.3138,0.4253,0.3138,0.206
2,15.843847043980649,polynomial,0.0017938406877868688,3,9,"(24, 24)","(3, 3)",300,0.3137,0.1734,0.3137,0.1984
3,15.843847043980649,polynomial,0.0017938406877868688,3,9,"(24, 24)","(3, 3)",300,0.2433,0.1359,0.2433,0.1548
4,15.843847043980649,polynomial,0.0017938406877868688,3,9,"(24, 24)","(3, 3)",300,0.2284,0.1193,0.2284,0.1382
1,0.005521884886626043,polynomial,0.0018245197855003327,3,8,"(24, 24)","(3, 3)",500,0.2813,0.1509,0.2812,0.1538
2,0.005521884886626043,polynomial,0.0018245197855003327,3,8,"(24, 24)","(3, 3)",500,0.2712,0.1564,0.2712,0.1308
3,0.005521884886626043,polynomial,0.0018245197855003327,3,8,"(24, 24)","(3, 3)",500,0.241,0.1345,0.241,0.1622
4,0.005521884886626043,polynomial,0.0018245197855003327,3,8,"(24, 24)","(3, 3)",500,0.2459,0.1368,0.2459,0.1625
1,988.9935307697748,linear,auto,,8,"(12, 12)","(3, 3)",300,0.5706,0.5581,0.5706,0.5593
2,988.9935307697748,linear,auto,,8,"(12, 12)","(3, 3)",300,0.5996,0.5736,0.5996,0.5756
3,988.9935307697748,linear,auto,,8,"(12, 12)","(3, 3)",300,0.5532,0.5302,0.5532,0.5348
4,988.9935307697748,linear,auto,,8,"(12, 12)","(3, 3)",300,0.529,0.5217,0.529,0.5199
1,38.5292965233868,polynomial,0.0813234313091507,3,6,"(16, 16)","(2, 2)",450,0.6062,0.63,0.6062,0.6149
2,38.5292965233868,polynomial,0.0813234313091507,3,6,"(16, 16)","(2, 2)",450,0.6291,0.6469,0.629,0.6366
3,38.5292965233868,polynomial,0.0813234313091507,3,6,"(16, 16)","(2, 2)",450,0.6098,0.6075,0.6098,0.605
4,38.5292965233868,polynomial,0.0813234313091507,3,6,"(16, 16)","(2, 2)",450,0.5764,0.6056,0.5764,0.5849
1,472.55202244497065,linear,auto,,7,"(12, 12)","(3, 3)",325,0.5778,0.5599,0.5778,0.5659
2,472.55202244497065,linear,auto,,7,"(12, 12)","(3, 3)",325,0.5858,0.5578,0.5858,0.5667
3,472.55202244497065,linear,auto,,7,"(12, 12)","(3, 3)",325,0.5158,0.49,0.5158,0.495
4,472.55202244497065,linear,auto,,7,"(12, 12)","(3, 3)",325,0.5429,0.5464,0.5429,0.541
1,0.017747835185443643,rbf,0.01673997703313595,,9,"(24, 24)","(3, 3)",425,0.3102,0.3324,0.3102,0.2075
2,0.017747835185443643,rbf,0.01673997703313595,,9,"(24, 24)","(3, 3)",425,0.3114,0.1756,0.3114,0.206
3,0.017747835185443643,rbf,0.01673997703313595,,9,"(24, 24)","(3, 3)",425,0.266,0.1538,0.266,0.1904
4,0.017747835185443643,rbf,0.01673997703313595,,9,"(24, 24)","(3, 3)",425,0.2734,0.1588,0.2734,0.1983
1,47.852377263783865,linear,auto,,10,"(16, 16)","(3, 3)",400,0.5632,0.5533,0.5632,0.5514
2,47.852377263783865,linear,auto,,10,"(16, 16)","(3, 3)",400,0.6143,0.6033,0.6143,0.6075
3,47.852377263783865,linear,auto,,10,"(16, 16)","(3, 3)",400,0.5458,0.5331,0.5459,0.5356
4,47.852377263783865,linear,auto,,10,"(16, 16)","(3, 3)",400,0.5563,0.552,0.5563,0.5493
1,0.020138080477309934,polynomial,0.0006171880095057609,2,9,"(12, 12)","(3, 3)",425,0.3015,0.4329,0.3014,0.1994
2,0.020138080477309934,polynomial,0.0006171880095057609,2,9,"(12, 12)","(3, 3)",425,0.2827,0.1714,0.2827,0.1708
3,0.020138080477309934,polynomial,0.0006171880095057609,2,9,"(12, 12)","(3, 3)",425,0.2539,0.153,0.2539,0.1899
4,0.020138080477309934,polynomial,0.0006171880095057609,2,9,"(12, 12)","(3, 3)",425,0.2748,0.1643,0.2748,0.2047
1,0.7036706168293685,linear,auto,,10,"(16, 16)","(3, 3)",425,0.6112,0.5952,0.6112,0.5991
2,0.7036706168293685,linear,auto,,10,"(16, 16)","(3, 3)",425,0.6151,0.6195,0.615,0.6111
3,0.7036706168293685,linear,auto,,10,"(16, 16)","(3, 3)",425,0.5634,0.5541,0.5634,0.5545
4,0.7036706168293685,linear,auto,,10,"(16, 16)","(3, 3)",425,0.592,0.5913,0.592,0.587
1,212.894865550859,rbf,0.017278224012453054,,8,"(12, 12)","(3, 3)",425,0.6241,0.6925,0.6241,0.6382
2,212.894865550859,rbf,0.017278224012453054,,8,"(12, 12)","(3, 3)",425,0.6444,0.6711,0.6444,0.654
3,212.894865550859,rbf,0.017278224012453054,,8,"(12, 12)","(3, 3)",425,0.625,0.6764,0.625,0.6359
4,212.894865550859,rbf,0.017278224012453054,,8,"(12, 12)","(3, 3)",425,0.6176,0.6556,0.6176,0.6317
1,0.0028961726816209028,linear,auto,,6,"(24, 24)","(3, 3)",375,0.4275,0.4526,0.4275,0.3938
2,0.0028961726816209028,linear,auto,,6,"(24, 24)","(3, 3)",375,0.4419,0.4076,0.4419,0.3738
3,0.0028961726816209028,linear,auto,,6,"(24, 24)","(3, 3)",375,0.3696,0.2986,0.3696,0.3209
4,0.0028961726816209028,linear,auto,,6,"(24, 24)","(3, 3)",375,0.3687,0.2918,0.3687,0.3083
1,0.04970252924591886,rbf,0.009969184767660353,,6,"(16, 16)","(2, 2)",325,0.2856,0.266,0.2856,0.2188
2,0.04970252924591886,rbf,0.009969184767660353,,6,"(16, 16)","(2, 2)",325,0.25,0.1074,0.25,0.1502
3,0.04970252924591886,rbf,0.009969184767660353,,6,"(16, 16)","(2, 2)",325,0.294,0.1936,0.294,0.2277
4,0.04970252924591886,rbf,0.009969184767660353,,6,"(16, 16)","(2, 2)",325,0.2845,0.3109,0.2845,0.2125
1,555.2133170247662,linear,auto,,7,"(16, 16)","(2, 2)",375,0.5926,0.578,0.5926,0.5793
2,555.2133170247662,linear,auto,,7,"(16, 16)","(2, 2)",375,0.5748,0.5728,0.5748,0.5723
3,555.2133170247662,linear,auto,,7,"(16, 16)","(2, 2)",375,0.5319,0.5318,0.5318,0.527
4,555.2133170247662,linear,auto,,7,"(16, 16)","(2, 2)",375,0.5372,0.538,0.5372,0.5352
1,0.006357042039949387,linear,auto,,9,"(12, 12)","(3, 3)",425,0.5491,0.6254,0.5491,0.5718
2,0.006357042039949387,linear,auto,,9,"(12, 12)","(3, 3)",425,0.5673,0.6105,0.5674,0.5843
3,0.006357042039949387,linear,auto,,9,"(12, 12)","(3, 3)",425,0.492,0.5354,0.492,0.5027
4,0.006357042039949387,linear,auto,,9,"(12, 12)","(3, 3)",425,0.5628,0.6276,0.5627,0.5842
1,7.401149166743457,linear,auto,,7,"(16, 16)","(2, 2)",350,0.5675,0.5435,0.5675,0.5464
2,7.401149166743457,linear,auto,,7,"(16, 16)","(2, 2)",350,0.5623,0.5514,0.5624,0.5515
3,7.401149166743457,linear,auto,,7,"(16, 16)","(2, 2)",350,0.5061,0.4886,0.5062,0.489
4,7.401149166743457,linear,auto,,7,"(16, 16)","(2, 2)",350,0.5247,0.5236,0.5247,0.5221
1,0.8046930013449941,linear,auto,,8,"(16, 16)","(2, 2)",450,0.5565,0.5444,0.5564,0.5463
2,0.8046930013449941,linear,auto,,8,"(16, 16)","(2, 2)",450,0.5411,0.5428,0.5411,0.5388
3,0.8046930013449941,linear,auto,,8,"(16, 16)","(2, 2)",450,0.5649,0.5408,0.5649,0.5474
4,0.8046930013449941,linear,auto,,8,"(16, 16)","(2, 2)",450,0.5505,0.5718,0.5505,0.5584
1,0.08640266212664978,polynomial,0.0008689270909718846,2,9,"(16, 16)","(3, 3)",325,0.3028,0.1779,0.3028,0.2024
2,0.08640266212664978,polynomial,0.0008689270909718846,2,9,"(16, 16)","(3, 3)",325,0.3254,0.1915,0.3254,0.2348
3,0.08640266212664978,polynomial,0.0008689270909718846,2,9,"(16, 16)","(3, 3)",325,0.2459,0.1433,0.2459,0.1628
4,0.08640266212664978,polynomial,0.0008689270909718846,2,9,"(16, 16)","(3, 3)",325,0.2697,0.1567,0.2697,0.1937
1,0.027862169798571996,rbf,0.08962724955021988,,9,"(12, 12)","(3, 3)",425,0.25,0.0529,0.25,0.0873
2,0.027862169798571996,rbf,0.08962724955021988,,9,"(12, 12)","(3, 3)",425,0.25,0.0529,0.25,0.0873
3,0.027862169798571996,rbf,0.08962724955021988,,9,"(12, 12)","(3, 3)",425,0.25,0.0529,0.25,0.0873
4,0.027862169798571996,rbf,0.08962724955021988,,9,"(12, 12)","(3, 3)",425,0.25,0.0529,0.25,0.0873
1,0.3307296295058653,polynomial,7.372966415838568e-05,2,8,"(12, 12)","(3, 3)",400,0.2966,0.4206,0.2966,0.1986
2,0.3307296295058653,polynomial,7.372966415838568e-05,2,8,"(12, 12)","(3, 3)",400,0.3133,0.189,0.3133,0.2351
3,0.3307296295058653,polynomial,7.372966415838568e-05,2,8,"(12, 12)","(3, 3)",400,0.2524,0.1485,0.2524,0.184
4,0.3307296295058653,polynomial,7.372966415838568e-05,2,8,"(12, 12)","(3, 3)",400,0.2711,0.1614,0.2711,0.2008
1,59.51041795969329,rbf,0.0027963417453011545,,10,"(24, 24)","(3, 3)",350,0.6559,0.6447,0.6559,0.6391
2,59.51041795969329,rbf,0.0027963417453011545,,10,"(24, 24)","(3, 3)",350,0.562,0.5468,0.5619,0.5508
3,59.51041795969329,rbf,0.0027963417453011545,,10,"(24, 24)","(3, 3)",350,0.5606,0.5553,0.5606,0.557
4,59.51041795969329,rbf,0.0027963417453011545,,10,"(24, 24)","(3, 3)",350,0.5783,0.5784,0.5783,0.5779
1,2.1676720058053545,linear,auto,,7,"(24, 24)","(3, 3)",450,0.4723,0.4549,0.4723,0.4556
2,2.1676720058053545,linear,auto,,7,"(24, 24)","(3, 3)",450,0.4889,0.4726,0.4889,0.4768
3,2.1676720058053545,linear,auto,,7,"(24, 24)","(3, 3)",450,0.5571,0.5368,0.5571,0.5434
4,2.1676720058053545,linear,auto,,7,"(24, 24)","(3, 3)",450,0.5634,0.5527,0.5634,0.5496
1,11.954157129257746,rbf,3.06855180841999e-05,,6,"(12, 12)","(3, 3)",475,0.4351,0.4824,0.4351,0.4024
2,11.954157129257746,rbf,3.06855180841999e-05,,6,"(12, 12)","(3, 3)",475,0.365,0.3826,0.365,0.3581
3,11.954157129257746,rbf,3.06855180841999e-05,,6,"(12, 12)","(3, 3)",475,0.3931,0.453,0.3931,0.3995
4,11.954157129257746,rbf,3.06855180841999e-05,,6,"(12, 12)","(3, 3)",475,0.3757,0.3336,0.3757,0.3406
1,0.001677465521178973,polynomial,9.006816719246969e-05,2,7,"(24, 24)","(3, 3)",275,0.2713,0.3737,0.2714,0.1347
2,0.001677465521178973,polynomial,9.006816719246969e-05,2,7,"(24, 24)","(3, 3)",275,0.2973,0.1886,0.2974,0.1681
3,0.001677465521178973,polynomial,9.006816719246969e-05,2,7,"(24, 24)","(3, 3)",275,0.2566,0.1364,0.2566,0.1372
4,0.001677465521178973,polynomial,9.006816719246969e-05,2,7,"(24, 24)","(3, 3)",275,0.2406,0.3563,0.2406,0.1287
1,0.4511279317638512,linear,auto,,10,"(12, 12)","(3, 3)",250,0.5886,0.5606,0.5886,0.5633
2,0.4511279317638512,linear,auto,,10,"(12, 12)","(3, 3)",250,0.5766,0.5503,0.5766,0.5534
3,0.4511279317638512,linear,auto,,10,"(12, 12)","(3, 3)",250,0.5988,0.5704,0.5988,0.5692
4,0.4511279317638512,linear,auto,,10,"(12, 12)","(3, 3)",250,0.5688,0.5651,0.5689,0.5592
1,0.032437660185995865,linear,auto,,10,"(16, 16)","(2, 2)",500,0.5634,0.5875,0.5634,0.5695
2,0.032437660185995865,linear,auto,,10,"(16, 16)","(2, 2)",500,0.5869,0.6473,0.5869,0.6066
3,0.032437660185995865,linear,auto,,10,"(16, 16)","(2, 2)",500,0.5815,0.6288,0.5815,0.5998
4,0.032437660185995865,linear,auto,,10,"(16, 16)","(2, 2)",500,0.5517,0.6103,0.5517,0.5684
1,0.48315803982226635,linear,auto,,8,"(12, 12)","(3, 3)",325,0.5974,0.5848,0.5974,0.5833
2,0.48315803982226635,linear,auto,,8,"(12, 12)","(3, 3)",325,0.5736,0.5397,0.5736,0.5489
3,0.48315803982226635,linear,auto,,8,"(12, 12)","(3, 3)",325,0.5335,0.5088,0.5334,0.5141
4,0.48315803982226635,linear,auto,,8,"(12, 12)","(3, 3)",325,0.5598,0.5528,0.5598,0.5552
1,0.21010276414508944,rbf,2.059357683349601e-05,,8,"(12, 12)","(2, 2)",250,0.2565,0.1464,0.2565,0.1041
2,0.21010276414508944,rbf,2.059357683349601e-05,,8,"(12, 12)","(2, 2)",250,0.2727,0.1558,0.2727,0.119
3,0.21010276414508944,rbf,2.059357683349601e-05,,8,"(12, 12)","(2, 2)",250,0.249,0.1297,0.249,0.0917
4,0.21010276414508944,rbf,2.059357683349601e-05,,8,"(12, 12)","(2, 2)",250,0.2534,0.1185,0.2534,0.1244
1,0.04627939638341512,linear,auto,,9,"(24, 24)","(2, 2)",400,0.5527,0.6048,0.5527,0.5701
2,0.04627939638341512,linear,auto,,9,"(24, 24)","(2, 2)",400,0.5568,0.6025,0.5568,0.5721
3,0.04627939638341512,linear,auto,,9,"(24, 24)","(2, 2)",400,0.4888,0.5262,0.4887,0.501
4,0.04627939638341512,linear,auto,,9,"(24, 24)","(2, 2)",400,0.5067,0.5375,0.5066,0.5173
1,1.6077859235864613,polynomial,4.455787124374002e-05,4,10,"(24, 24)","(3, 3)",425,0.3151,0.3465,0.3151,0.2074
2,1.6077859235864613,polynomial,4.455787124374002e-05,4,10,"(24, 24)","(3, 3)",425,0.2887,0.1716,0.2887,0.164
3,1.6077859235864613,polynomial,4.455787124374002e-05,4,10,"(24, 24)","(3, 3)",425,0.2622,0.151,0.2622,0.187
4,1.6077859235864613,polynomial,4.455787124374002e-05,4,10,"(24, 24)","(3, 3)",425,0.2622,0.1508,0.2622,0.1871
1,581.6075180590525,rbf,0.07494117031530174,,7,"(12, 12)","(3, 3)",250,0.4198,0.5905,0.4197,0.3962
2,581.6075180590525,rbf,0.07494117031530174,,7,"(12, 12)","(3, 3)",250,0.3867,0.8087,0.3867,0.3699
3,581.6075180590525,rbf,0.07494117031530174,,7,"(12, 12)","(3, 3)",250,0.3202,0.4747,0.3202,0.2614
4,581.6075180590525,rbf,0.07494117031530174,,7,"(12, 12)","(3, 3)",250,0.3699,0.5472,0.3699,0.3359
1,0.002954562439985424,rbf,0.00015969263033483935,,10,"(12, 12)","(3, 3)",350,0.2851,0.4575,0.2851,0.1663
2,0.002954562439985424,rbf,0.00015969263033483935,,10,"(12, 12)","(3, 3)",350,0.279,0.1762,0.2789,0.1669
3,0.002954562439985424,rbf,0.00015969263033483935,,10,"(12, 12)","(3, 3)",350,0.2468,0.1382,0.2468,0.1403
4,0.002954562439985424,rbf,0.00015969263033483935,,10,"(12, 12)","(3, 3)",350,0.2307,0.1175,0.2307,0.1272
1,0.028613865218670747,rbf,0.023734814997678415,,7,"(16, 16)","(3, 3)",450,0.32,0.1818,0.32,0.2102
2,0.028613865218670747,rbf,0.023734814997678415,,7,"(16, 16)","(3, 3)",450,0.3191,0.1881,0.3191,0.2257
3,0.028613865218670747,rbf,0.023734814997678415,,7,"(16, 16)","(3, 3)",450,0.269,0.1681,0.269,0.2064
4,0.028613865218670747,rbf,0.023734814997678415,,7,"(16, 16)","(3, 3)",450,0.3322,0.2384,0.3322,0.2679
1,34.52259083862354,linear,auto,,10,"(16, 16)","(3, 3)",325,0.6189,0.5898,0.619,0.5966
2,34.52259083862354,linear,auto,,10,"(16, 16)","(3, 3)",325,0.5982,0.5889,0.5982,0.5901
3,34.52259083862354,linear,auto,,10,"(16, 16)","(3, 3)",325,0.5598,0.552,0.5598,0.5458
4,34.52259083862354,linear,auto,,10,"(16, 16)","(3, 3)",325,0.6019,0.5897,0.602,0.591
1,736.8720881270207,linear,auto,,10,"(12, 12)","(2, 2)",300,0.5643,0.5596,0.5643,0.5558
2,736.8720881270207,linear,auto,,10,"(12, 12)","(2, 2)",300,0.5824,0.5536,0.5824,0.5554
3,736.8720881270207,linear,auto,,10,"(12, 12)","(2, 2)",300,0.5528,0.5487,0.5528,0.5473
4,736.8720881270207,linear,auto,,10,"(12, 12)","(2, 2)",300,0.543,0.5514,0.543,0.5416
1,3.5949952394041196,polynomial,0.038793185542522875,2,10,"(16, 16)","(2, 2)",375,0.5854,0.5924,0.5854,0.5851
2,3.5949952394041196,polynomial,0.038793185542522875,2,10,"(16, 16)","(2, 2)",375,0.6048,0.6242,0.6048,0.6126
3,3.5949952394041196,polynomial,0.038793185542522875,2,10,"(16, 16)","(2, 2)",375,0.6033,0.595,0.6034,0.5952
4,3.5949952394041196,polynomial,0.038793185542522875,2,10,"(16, 16)","(2, 2)",375,0.5683,0.5928,0.5683,0.5746
1,164.48721131001275,rbf,0.012437434932370714,,7,"(24, 24)","(3, 3)",300,0.6281,0.5987,0.628,0.6052
2,164.48721131001275,rbf,0.012437434932370714,,7,"(24, 24)","(3, 3)",300,0.6087,0.5908,0.6088,0.5948
3,164.48721131001275,rbf,0.012437434932370714,,7,"(24, 24)","(3, 3)",300,0.5757,0.558,0.5756,0.565
4,164.48721131001275,rbf,0.012437434932370714,,7,"(24, 24)","(3, 3)",300,0.6035,0.5922,0.6035,0.5938
1,0.030358962284697567,rbf,0.018147818370791602,,7,"(16, 16)","(3, 3)",300,0.3039,0.1733,0.3039,0.1985
2,0.030358962284697567,rbf,0.018147818370791602,,7,"(16, 16)","(3, 3)",300,0.3378,0.1971,0.3378,0.2433
3,0.030358962284697567,rbf,0.018147818370791602,,7,"(16, 16)","(3, 3)",300,0.2114,0.1205,0.2114,0.1456
4,0.030358962284697567,rbf,0.018147818370791602,,7,"(16, 16)","(3, 3)",300,0.2473,0.142,0.2473,0.1724
1,122.92708440118578,polynomial,0.0003156435513905746,4,10,"(24, 24)","(3, 3)",500,0.2701,0.1394,0.2701,0.1386
2,122.92708440118578,polynomial,0.0003156435513905746,4,10,"(24, 24)","(3, 3)",500,0.2687,0.1746,0.2686,0.1153
3,122.92708440118578,polynomial,0.0003156435513905746,4,10,"(24, 24)","(3, 3)",500,0.2373,0.1326,0.2373,0.1584
4,122.92708440118578,polynomial,0.0003156435513905746,4,10,"(24, 24)","(3, 3)",500,0.2422,0.1352,0.2422,0.1586
1,0.03249406742876821,polynomial,0.002280208165755645,3,9,"(12, 12)","(2, 2)",275,0.2688,0.4483,0.2688,0.1165
2,0.03249406742876821,polynomial,0.002280208165755645,3,9,"(12, 12)","(2, 2)",275,0.2939,0.1911,0.2939,0.185
3,0.03249406742876821,polynomial,0.002280208165755645,3,9,"(12, 12)","(2, 2)",275,0.2149,0.1278,0.2149,0.1356
4,0.03249406742876821,polynomial,0.002280208165755645,3,9,"(12, 12)","(2, 2)",275,0.2419,0.1316,0.2419,0.1412
1,583.1765153687801,linear,auto,,6,"(12, 12)","(3, 3)",350,0.6151,0.594,0.6151,0.597
2,583.1765153687801,linear,auto,,6,"(12, 12)","(3, 3)",350,0.6197,0.5876,0.6197,0.5973
3,583.1765153687801,linear,auto,,6,"(12, 12)","(3, 3)",350,0.5214,0.5012,0.5214,0.5044
4,583.1765153687801,linear,auto,,6,"(12, 12)","(3, 3)",350,0.5275,0.5184,0.5274,0.5219
1,0.03841536569809623,polynomial,0.0002603833936675068,4,9,"(16, 16)","(2, 2)",250,0.2716,0.2727,0.2716,0.1648
2,0.03841536569809623,polynomial,0.0002603833936675068,4,9,"(16, 16)","(2, 2)",250,0.2916,0.1857,0.2915,0.193
3,0.03841536569809623,polynomial,0.0002603833936675068,4,9,"(16, 16)","(2, 2)",250,0.2174,0.1218,0.2175,0.1427
4,0.03841536569809623,polynomial,0.0002603833936675068,4,9,"(16, 16)","(2, 2)",250,0.2393,0.1347,0.2393,0.1308
1,0.0018683029428340214,polynomial,0.00014084594659913703,4,6,"(16, 16)","(3, 3)",400,0.3492,0.215,0.3492,0.2662
2,0.0018683029428340214,polynomial,0.00014084594659913703,4,6,"(16, 16)","(3, 3)",400,0.3089,0.2438,0.3089,0.2483
3,0.0018683029428340214,polynomial,0.00014084594659913703,4,6,"(16, 16)","(3, 3)",400,0.294,0.1936,0.294,0.2277
4,0.0018683029428340214,polynomial,0.00014084594659913703,4,6,"(16, 16)","(3, 3)",400,0.3336,0.2687,0.3336,0.2731
1,387.2745944154965,polynomial,9.8678750366931e-05,2,10,"(24, 24)","(2, 2)",425,0.3407,0.454,0.3407,0.2676
2,387.2745944154965,polynomial,9.8678750366931e-05,2,10,"(24, 24)","(2, 2)",425,0.3408,0.2283,0.3408,0.2692
3,387.2745944154965,polynomial,9.8678750366931e-05,2,10,"(24, 24)","(2, 2)",425,0.2842,0.1915,0.2842,0.2179
4,387.2745944154965,polynomial,9.8678750366931e-05,2,10,"(24, 24)","(2, 2)",425,0.3187,0.2324,0.3187,0.2558
1,0.07401953231485914,linear,auto,,8,"(24, 24)","(2, 2)",300,0.5271,0.5125,0.5271,0.5173
2,0.07401953231485914,linear,auto,,8,"(24, 24)","(2, 2)",300,0.6107,0.5978,0.6107,0.5987
3,0.07401953231485914,linear,auto,,8,"(24, 24)","(2, 2)",300,0.5577,0.5621,0.5577,0.5597
4,0.07401953231485914,linear,auto,,8,"(24, 24)","(2, 2)",300,0.5156,0.5306,0.5156,0.5186
1,0.00927075422424441,polynomial,5.306744844976688e-05,4,10,"(16, 16)","(3, 3)",425,0.3303,0.1934,0.3303,0.2361
2,0.00927075422424441,polynomial,5.306744844976688e-05,4,10,"(16, 16)","(3, 3)",425,0.3366,0.1977,0.3366,0.2459
3,0.00927075422424441,polynomial,5.306744844976688e-05,4,10,"(16, 16)","(3, 3)",425,0.2903,0.1866,0.2902,0.2234
4,0.00927075422424441,polynomial,5.306744844976688e-05,4,10,"(16, 16)","(3, 3)",425,0.3273,0.2345,0.3273,0.2626
1,20.465923206655358,polynomial,1.7244802211066072e-05,3,8,"(16, 16)","(3, 3)",450,0.2976,0.1659,0.2976,0.1864
2,20.465923206655358,polynomial,1.7244802211066072e-05,3,8,"(16, 16)","(3, 3)",450,0.3039,0.1846,0.3039,0.1997
3,20.465923206655358,polynomial,1.7244802211066072e-05,3,8,"(16, 16)","(3, 3)",450,0.2639,0.1612,0.2639,0.2
4,20.465923206655358,polynomial,1.7244802211066072e-05,3,8,"(16, 16)","(3, 3)",450,0.3308,0.2115,0.3308,0.257
1,0.004965862927620935,rbf,0.014874728297217563,,8,"(24, 24)","(3, 3)",400,0.3126,0.4216,0.3126,0.21
2,0.004965862927620935,rbf,0.014874728297217563,,8,"(24, 24)","(3, 3)",400,0.3478,0.21,0.3478,0.2616
3,0.004965862927620935,rbf,0.014874728297217563,,8,"(24, 24)","(3, 3)",400,0.2585,0.1483,0.2585,0.1835
4,0.004965862927620935,rbf,0.014874728297217563,,8,"(24, 24)","(3, 3)",400,0.2771,0.1615,0.2772,0.2015
1,266.6699958923855,rbf,0.0005281016929315029,,7,"(16, 16)","(3, 3)",475,0.58,0.5675,0.58,0.5682
2,266.6699958923855,rbf,0.0005281016929315029,,7,"(16, 16)","(3, 3)",475,0.5671,0.5656,0.5671,0.5627
3,266.6699958923855,rbf,0.0005281016929315029,,7,"(16, 16)","(3, 3)",475,0.6506,0.6262,0.6506,0.6345
4,266.6699958923855,rbf,0.0005281016929315029,,7,"(16, 16)","(3, 3)",475,0.5423,0.5598,0.5423,0.5477
1,0.33423591948987913,linear,auto,,8,"(24, 24)","(2, 2)",300,0.5148,0.4884,0.5148,0.4852
2,0.33423591948987913,linear,auto,,8,"(24, 24)","(2, 2)",300,0.5592,0.5466,0.5592,0.5469
3,0.33423591948987913,linear,auto,,8,"(24, 24)","(2, 2)",300,0.5929,0.5767,0.5929,0.5834
4,0.33423591948987913,linear,auto,,8,"(24, 24)","(2, 2)",300,0.4852,0.4785,0.4852,0.4798
1,111.96439537509876,polynomial,0.0004896778424146783,3,8,"(12, 12)","(3, 3)",275,0.4878,0.4716,0.4878,0.473
2,111.96439537509876,polynomial,0.0004896778424146783,3,8,"(12, 12)","(3, 3)",275,0.4883,0.4982,0.4883,0.4922
3,111.96439537509876,polynomial,0.0004896778424146783,3,8,"(12, 12)","(3, 3)",275,0.4355,0.3442,0.4355,0.3841
4,111.96439537509876,polynomial,0.0004896778424146783,3,8,"(12, 12)","(3, 3)",275,0.3538,0.2756,0.3538,0.3097
1,676.0939184826705,rbf,0.02459158775873568,,6,"(12, 12)","(3, 3)",400,0.6269,0.6778,0.6269,0.6331
2,676.0939184826705,rbf,0.02459158775873568,,6,"(12, 12)","(3, 3)",400,0.6375,0.6734,0.6375,0.646
3,676.0939184826705,rbf,0.02459158775873568,,6,"(12, 12)","(3, 3)",400,0.6524,0.6685,0.6524,0.6512
4,676.0939184826705,rbf,0.02459158775873568,,6,"(12, 12)","(3, 3)",400,0.5768,0.6053,0.5768,0.5846
1,0.0037313257283556832,polynomial,0.004545809861636254,2,6,"(24, 24)","(3, 3)",375,0.3126,0.4245,0.3126,0.2101
2,0.0037313257283556832,polynomial,0.004545809861636254,2,6,"(24, 24)","(3, 3)",375,0.3501,0.2029,0.3501,0.254
3,0.0037313257283556832,polynomial,0.004545809861636254,2,6,"(24, 24)","(3, 3)",375,0.2473,0.1403,0.2473,0.1728
4,0.0037313257283556832,polynomial,0.004545809861636254,2,6,"(24, 24)","(3, 3)",375,0.2846,0.1674,0.2846,0.2094
1,0.06992189783252607,linear,auto,,7,"(12, 12)","(2, 2)",300,0.6057,0.5939,0.6057,0.5952
2,0.06992189783252607,linear,auto,,7,"(12, 12)","(2, 2)",300,0.5545,0.5408,0.5545,0.5412
3,0.06992189783252607,linear,auto,,7,"(12, 12)","(2, 2)",300,0.552,0.5318,0.552,0.5367
4,0.06992189783252607,linear,auto,,7,"(12, 12)","(2, 2)",300,0.5335,0.5356,0.5335,0.5314
1,0.7653227767175849,polynomial,0.04537846072048372,3,10,"(12, 12)","(2, 2)",250,0.6072,0.6041,0.6072,0.6041
2,0.7653227767175849,polynomial,0.04537846072048372,3,10,"(12, 12)","(2, 2)",250,0.6477,0.6299,0.6477,0.636
3,0.7653227767175849,polynomial,0.04537846072048372,3,10,"(12, 12)","(2, 2)",250,0.5892,0.5768,0.5893,0.5778
4,0.7653227767175849,polynomial,0.04537846072048372,3,10,"(12, 12)","(2, 2)",250,0.6174,0.6098,0.6175,0.6098
1,0.9682349553240613,linear,auto,,9,"(16, 16)","(3, 3)",450,0.5744,0.5767,0.5744,0.5697
2,0.9682349553240613,linear,auto,,9,"(16, 16)","(3, 3)",450,0.5843,0.5812,0.5843,0.5804
3,0.9682349553240613,linear,auto,,9,"(16, 16)","(3, 3)",450,0.5765,0.5572,0.5766,0.5629
4,0.9682349553240613,linear,auto,,9,"(16, 16)","(3, 3)",450,0.5449,0.5685,0.5449,0.5474
1,33.0428054715331,linear,auto,,7,"(16, 16)","(2, 2)",425,0.5499,0.5486,0.5499,0.5431
2,33.0428054715331,linear,auto,,7,"(16, 16)","(2, 2)",425,0.5434,0.5315,0.5434,0.5337
3,33.0428054715331,linear,auto,,7,"(16, 16)","(2, 2)",425,0.5349,0.5572,0.5349,0.5391
4,33.0428054715331,linear,auto,,7,"(16, 16)","(2, 2)",425,0.5427,0.542,0.5427,0.5385
1,150.59632921948472,polynomial,1.4605500608581713e-05,2,9,"(24, 24)","(3, 3)",425,0.3102,0.3342,0.3102,0.2076
2,150.59632921948472,polynomial,1.4605500608581713e-05,2,9,"(24, 24)","(3, 3)",425,0.3114,0.1727,0.3114,0.2061
3,150.59632921948472,polynomial,1.4605500608581713e-05,2,9,"(24, 24)","(3, 3)",425,0.2697,0.1564,0.2697,0.1939
4,150.59632921948472,polynomial,1.4605500608581713e-05,2,9,"(24, 24)","(3, 3)",425,0.2734,0.1588,0.2734,0.198
1,38.583319830223,linear,auto,,6,"(12, 12)","(2, 2)",300,0.552,0.5321,0.5519,0.5374
2,38.583319830223,linear,auto,,6,"(12, 12)","(2, 2)",300,0.5593,0.5409,0.5593,0.5442
3,38.583319830223,linear,auto,,6,"(12, 12)","(2, 2)",300,0.5444,0.5352,0.5444,0.5356
4,38.583319830223,linear,auto,,6,"(12, 12)","(2, 2)",300,0.495,0.503,0.4949,0.4923
1,0.006339471982583843,polynomial,0.0034949351331138375,4,7,"(12, 12)","(2, 2)",425,0.2586,0.3581,0.2586,0.1676
2,0.006339471982583843,polynomial,0.0034949351331138375,4,7,"(12, 12)","(2, 2)",425,0.25,0.1074,0.25,0.1502
3,0.006339471982583843,polynomial,0.0034949351331138375,4,7,"(12, 12)","(2, 2)",425,0.25,0.1074,0.25,0.1502
4,0.006339471982583843,polynomial,0.0034949351331138375,4,7,"(12, 12)","(2, 2)",425,0.25,0.1074,0.25,0.1502
1,553.7562752220668,polynomial,0.06716767114785299,4,8,"(12, 12)","(3, 3)",250,0.6452,0.6289,0.6452,0.6309
2,553.7562752220668,polynomial,0.06716767114785299,4,8,"(12, 12)","(3, 3)",250,0.6661,0.6405,0.6661,0.6498
3,553.7562752220668,polynomial,0.06716767114785299,4,8,"(12, 12)","(3, 3)",250,0.6556,0.619,0.6556,0.628
4,553.7562752220668,polynomial,0.06716767114785299,4,8,"(12, 12)","(3, 3)",250,0.6253,0.614,0.6253,0.618
1,91.38075798128872,rbf,0.013483311101200657,,7,"(16, 16)","(2, 2)",350,0.6274,0.6541,0.6274,0.6363
2,91.38075798128872,rbf,0.013483311101200657,,7,"(16, 16)","(2, 2)",350,0.6539,0.6739,0.6539,0.6626
3,91.38075798128872,rbf,0.013483311101200657,,7,"(16, 16)","(2, 2)",350,0.5772,0.589,0.5772,0.578
4,91.38075798128872,rbf,0.013483311101200657,,7,"(16, 16)","(2, 2)",350,0.6125,0.625,0.6125,0.616
1,0.01648882558027458,polynomial,0.011462759351117107,3,7,"(24, 24)","(2, 2)",375,0.3233,0.2013,0.3233,0.248
2,0.01648882558027458,polynomial,0.011462759351117107,3,7,"(24, 24)","(2, 2)",375,0.3029,0.2482,0.3029,0.2381
3,0.01648882558027458,polynomial,0.011462759351117107,3,7,"(24, 24)","(2, 2)",375,0.3015,0.2019,0.3014,0.2341
4,0.01648882558027458,polynomial,0.011462759351117107,3,7,"(24, 24)","(2, 2)",375,0.3201,0.2867,0.3201,0.2619
1,0.07490701396993929,rbf,0.0017510823065215674,,7,"(12, 12)","(2, 2)",300,0.3066,0.4337,0.3066,0.215
2,0.07490701396993929,rbf,0.0017510823065215674,,7,"(12, 12)","(2, 2)",300,0.3196,0.195,0.3196,0.242
3,0.07490701396993929,rbf,0.0017510823065215674,,7,"(12, 12)","(2, 2)",300,0.2261,0.1269,0.2261,0.1468
4,0.07490701396993929,rbf,0.0017510823065215674,,7,"(12, 12)","(2, 2)",300,0.2326,0.1369,0.2326,0.1688
1,161.71461829147748,rbf,2.0452149990862927e-05,,8,"(12, 12)","(2, 2)",350,0.4822,0.5749,0.4822,0.4972
2,161.71461829147748,rbf,2.0452149990862927e-05,,8,"(12, 12)","(2, 2)",350,0.5434,0.6488,0.5434,0.569
3,161.71461829147748,rbf,2.0452149990862927e-05,,8,"(12, 12)","(2, 2)",350,0.4226,0.5375,0.4226,0.4366
4,161.71461829147748,rbf,2.0452149990862927e-05,,8,"(12, 12)","(2, 2)",350,0.4834,0.585,0.4834,0.5055
1,1.3300364548990955,polynomial,0.00719606046443954,2,8,"(16, 16)","(2, 2)",300,0.5674,0.6112,0.5674,0.576
2,1.3300364548990955,polynomial,0.00719606046443954,2,8,"(16, 16)","(2, 2)",300,0.6074,0.6337,0.6074,0.6176
3,1.3300364548990955,polynomial,0.00719606046443954,2,8,"(16, 16)","(2, 2)",300,0.53,0.5738,0.53,0.5436
4,1.3300364548990955,polynomial,0.00719606046443954,2,8,"(16, 16)","(2, 2)",300,0.5444,0.5975,0.5443,0.5599
1,0.0011091898611299083,rbf,0.00022369859476622508,,10,"(16, 16)","(2, 2)",450,0.3246,0.4448,0.3246,0.256
2,0.0011091898611299083,rbf,0.00022369859476622508,,10,"(16, 16)","(2, 2)",450,0.3124,0.1987,0.3124,0.2414
3,0.0011091898611299083,rbf,0.00022369859476622508,,10,"(16, 16)","(2, 2)",450,0.2842,0.1889,0.2842,0.2173
4,0.0011091898611299083,rbf,0.00022369859476622508,,10,"(16, 16)","(2, 2)",450,0.3103,0.3084,0.3104,0.2486
1,22.68779969746947,linear,auto,,6,"(16, 16)","(3, 3)",400,0.5497,0.537,0.5498,0.537
2,22.68779969746947,linear,auto,,6,"(16, 16)","(3, 3)",400,0.6132,0.6049,0.6133,0.608
3,22.68779969746947,linear,auto,,6,"(16, 16)","(3, 3)",400,0.5763,0.5746,0.5763,0.5722
4,22.68779969746947,linear,auto,,6,"(16, 16)","(3, 3)",400,0.535,0.5474,0.535,0.5331
1,0.019079640417107007,linear,auto,,8,"(24, 24)","(2, 2)",375,0.48,0.5831,0.48,0.5013
2,0.019079640417107007,linear,auto,,8,"(24, 24)","(2, 2)",375,0.5298,0.599,0.5298,0.5502
3,0.019079640417107007,linear,auto,,8,"(24, 24)","(2, 2)",375,0.4539,0.482,0.4539,0.4586
4,0.019079640417107007,linear,auto,,8,"(24, 24)","(2, 2)",375,0.5009,0.5673,0.5009,0.5187
