fold,num_of_balancing,dropout_rate,batch_size,learning_rate,optimizer,num_conv_blocks,conv2d_filters,Epoch,Balanced Accuracy,Precision,Recall,F1 Score
1,375,0.2251496215391784,8,2.748540747076889e-05,adam,5,"[64, 112, 176, 208, 208, 496]",38,0.8712,0.8439,0.8712,0.8558
2,375,0.2251496215391784,8,2.748540747076889e-05,adam,5,"[64, 112, 176, 208, 208, 496]",27,0.8984,0.9,0.8984,0.895
3,375,0.2251496215391784,8,2.748540747076889e-05,adam,5,"[64, 112, 176, 208, 208, 496]",31,0.8842,0.859,0.8842,0.8699
4,375,0.2251496215391784,8,2.748540747076889e-05,adam,5,"[64, 112, 176, 208, 208, 496]",38,0.9383,0.9479,0.9383,0.9426
1,250,0.238016296900337,16,0.0007062700618815,rmsprop,4,"[48, 128, 160, 192, 320, 416]",39,0.9047,0.8763,0.9047,0.8886
2,250,0.238016296900337,16,0.0007062700618815,rmsprop,4,"[48, 128, 160, 192, 320, 416]",45,0.9145,0.8883,0.9145,0.8964
3,250,0.238016296900337,16,0.0007062700618815,rmsprop,4,"[48, 128, 160, 192, 320, 416]",51,0.9157,0.9134,0.9157,0.9135
4,250,0.238016296900337,16,0.0007062700618815,rmsprop,4,"[48, 128, 160, 192, 320, 416]",36,0.9477,0.9396,0.9477,0.9434
1,250,0.4419513181052565,32,0.000164270179324,adam,5,"[48, 80, 176, 240, 464, 496]",45,0.8653,0.8345,0.8653,0.8474
2,250,0.4419513181052565,32,0.000164270179324,adam,5,"[48, 80, 176, 240, 464, 496]",40,0.8572,0.8455,0.8573,0.8505
3,250,0.4419513181052565,32,0.000164270179324,adam,5,"[48, 80, 176, 240, 464, 496]",56,0.8771,0.8624,0.8771,0.869
4,250,0.4419513181052565,32,0.000164270179324,adam,5,"[48, 80, 176, 240, 464, 496]",54,0.957,0.9342,0.957,0.9443
1,350,0.3789073945408736,16,0.0001772442858795,rmsprop,4,"[64, 64, 224, 224, 288, 448]",31,0.9163,0.8779,0.9162,0.8897
2,350,0.3789073945408736,16,0.0001772442858795,rmsprop,4,"[64, 64, 224, 224, 288, 448]",25,0.9033,0.8834,0.9033,0.8903
3,350,0.3789073945408736,16,0.0001772442858795,rmsprop,4,"[64, 64, 224, 224, 288, 448]",28,0.8903,0.8926,0.8904,0.8909
4,350,0.3789073945408736,16,0.0001772442858795,rmsprop,4,"[64, 64, 224, 224, 288, 448]",19,0.9041,0.9337,0.904,0.9136
1,250,0.332329952510366,16,0.0003802008278879,rmsprop,5,"[48, 128, 128, 128, 256, 320]",38,0.9385,0.9228,0.9385,0.93
2,250,0.332329952510366,16,0.0003802008278879,rmsprop,5,"[48, 128, 128, 128, 256, 320]",36,0.9219,0.9001,0.9219,0.9071
3,250,0.332329952510366,16,0.0003802008278879,rmsprop,5,"[48, 128, 128, 128, 256, 320]",40,0.9176,0.8965,0.9176,0.9061
4,250,0.332329952510366,16,0.0003802008278879,rmsprop,5,"[48, 128, 128, 128, 256, 320]",34,0.9515,0.936,0.9515,0.9431
1,350,0.3355178574239561,8,0.0001656421567973,rmsprop,3,"[48, 80, 80, 208, 400, 464]",29,0.8587,0.8422,0.8587,0.8495
2,350,0.3355178574239561,8,0.0001656421567973,rmsprop,3,"[48, 80, 80, 208, 400, 464]",28,0.8459,0.804,0.8459,0.8183
3,350,0.3355178574239561,8,0.0001656421567973,rmsprop,3,"[48, 80, 80, 208, 400, 464]",18,0.8171,0.803,0.8171,0.8068
4,350,0.3355178574239561,8,0.0001656421567973,rmsprop,3,"[48, 80, 80, 208, 400, 464]",20,0.8693,0.8689,0.8693,0.865
1,425,0.367005166911811,32,2.9341418526583283e-05,adam,3,"[32, 80, 240, 240, 368, 368]",68,0.8013,0.827,0.8014,0.806
2,425,0.367005166911811,32,2.9341418526583283e-05,adam,3,"[32, 80, 240, 240, 368, 368]",52,0.8004,0.8022,0.8004,0.7939
3,425,0.367005166911811,32,2.9341418526583283e-05,adam,3,"[32, 80, 240, 240, 368, 368]",72,0.801,0.7918,0.801,0.7961
4,425,0.367005166911811,32,2.9341418526583283e-05,adam,3,"[32, 80, 240, 240, 368, 368]",46,0.8445,0.8718,0.8445,0.8465
1,450,0.4633114592759564,32,0.0001780812774352,rmsprop,4,"[16, 80, 144, 176, 208, 208]",58,0.8826,0.8856,0.8826,0.881
2,450,0.4633114592759564,32,0.0001780812774352,rmsprop,4,"[16, 80, 144, 176, 208, 208]",34,0.903,0.8737,0.903,0.8852
3,450,0.4633114592759564,32,0.0001780812774352,rmsprop,4,"[16, 80, 144, 176, 208, 208]",37,0.8928,0.8766,0.8928,0.8835
4,450,0.4633114592759564,32,0.0001780812774352,rmsprop,4,"[16, 80, 144, 176, 208, 208]",52,0.9182,0.8998,0.9182,0.9082
1,300,0.3647348208433448,32,3.898699708128551e-05,adam,4,"[32, 32, 96, 224, 224, 224]",62,0.7993,0.7767,0.7993,0.7834
2,300,0.3647348208433448,32,3.898699708128551e-05,adam,4,"[32, 32, 96, 224, 224, 224]",95,0.8481,0.8116,0.8481,0.8189
3,300,0.3647348208433448,32,3.898699708128551e-05,adam,4,"[32, 32, 96, 224, 224, 224]",37,0.7438,0.7351,0.7438,0.7393
4,300,0.3647348208433448,32,3.898699708128551e-05,adam,4,"[32, 32, 96, 224, 224, 224]",50,0.8535,0.856,0.8535,0.8495
1,500,0.306416734811846,8,0.0005917716216919,rmsprop,5,"[16, 128, 160, 256, 288, 320]",17,0.9275,0.9383,0.9275,0.9323
2,500,0.306416734811846,8,0.0005917716216919,rmsprop,5,"[16, 128, 160, 256, 288, 320]",15,0.9346,0.9467,0.9346,0.939
3,500,0.306416734811846,8,0.0005917716216919,rmsprop,5,"[16, 128, 160, 256, 288, 320]",24,0.9446,0.9311,0.9446,0.9374
4,500,0.306416734811846,8,0.0005917716216919,rmsprop,5,"[16, 128, 160, 256, 288, 320]",25,0.9504,0.9548,0.9504,0.9514
1,425,0.3980917227414378,16,0.0003265709227127,rmsprop,5,"[48, 128, 224, 256, 512, 512]",30,0.9187,0.9359,0.9187,0.9257
2,425,0.3980917227414378,16,0.0003265709227127,rmsprop,5,"[48, 128, 224, 256, 512, 512]",24,0.9457,0.9204,0.9458,0.9317
3,425,0.3980917227414378,16,0.0003265709227127,rmsprop,5,"[48, 128, 224, 256, 512, 512]",35,0.972,0.9624,0.972,0.967
4,425,0.3980917227414378,16,0.0003265709227127,rmsprop,5,"[48, 128, 224, 256, 512, 512]",25,0.9263,0.9508,0.9263,0.9356
1,250,0.2755945102545122,16,0.0001778139443309,adam,3,"[64, 80, 240, 240, 368, 432]",30,0.778,0.7923,0.778,0.7768
2,250,0.2755945102545122,16,0.0001778139443309,adam,3,"[64, 80, 240, 240, 368, 432]",14,0.8622,0.8335,0.8623,0.8458
3,250,0.2755945102545122,16,0.0001778139443309,adam,3,"[64, 80, 240, 240, 368, 432]",37,0.9014,0.8791,0.9014,0.885
4,250,0.2755945102545122,16,0.0001778139443309,adam,3,"[64, 80, 240, 240, 368, 432]",24,0.8422,0.8583,0.8422,0.8403
1,250,0.4798912102303196,8,0.0005629499445523,rmsprop,6,"[32, 48, 144, 240, 240, 496]",16,0.9222,0.9223,0.9222,0.9219
2,250,0.4798912102303196,8,0.0005629499445523,rmsprop,6,"[32, 48, 144, 240, 240, 496]",23,0.9286,0.9513,0.9286,0.9389
3,250,0.4798912102303196,8,0.0005629499445523,rmsprop,6,"[32, 48, 144, 240, 240, 496]",34,0.9446,0.9269,0.9446,0.9348
4,250,0.4798912102303196,8,0.0005629499445523,rmsprop,6,"[32, 48, 144, 240, 240, 496]",27,0.9466,0.949,0.9466,0.9462
1,450,0.4389425470344802,16,0.0005804401428767,adam,4,"[32, 32, 224, 256, 352, 416]",39,0.7812,0.77,0.7812,0.7749
2,450,0.4389425470344802,16,0.0005804401428767,adam,4,"[32, 32, 224, 256, 352, 416]",28,0.7621,0.7466,0.7622,0.7509
3,450,0.4389425470344802,16,0.0005804401428767,adam,4,"[32, 32, 224, 256, 352, 416]",31,0.8272,0.8367,0.8272,0.8303
4,450,0.4389425470344802,16,0.0005804401428767,adam,4,"[32, 32, 224, 256, 352, 416]",60,0.8602,0.8373,0.8602,0.8445
1,425,0.388073679397876,16,0.0002232347023507,rmsprop,4,"[48, 112, 112, 176, 240, 336]",42,0.8884,0.8954,0.8884,0.8915
2,425,0.388073679397876,16,0.0002232347023507,rmsprop,4,"[48, 112, 112, 176, 240, 336]",32,0.933,0.9271,0.933,0.9292
3,425,0.388073679397876,16,0.0002232347023507,rmsprop,4,"[48, 112, 112, 176, 240, 336]",27,0.9446,0.9275,0.9446,0.9344
4,425,0.388073679397876,16,0.0002232347023507,rmsprop,4,"[48, 112, 112, 176, 240, 336]",38,0.9115,0.9392,0.9115,0.9213
1,250,0.3149456866475336,8,1.563688560619611e-05,rmsprop,6,"[64, 96, 224, 224, 384, 416]",60,0.8859,0.8461,0.886,0.8616
2,250,0.3149456866475336,8,1.563688560619611e-05,rmsprop,6,"[64, 96, 224, 224, 384, 416]",90,0.9249,0.8886,0.9249,0.9032
3,250,0.3149456866475336,8,1.563688560619611e-05,rmsprop,6,"[64, 96, 224, 224, 384, 416]",47,0.9079,0.8934,0.9079,0.8996
4,250,0.3149456866475336,8,1.563688560619611e-05,rmsprop,6,"[64, 96, 224, 224, 384, 416]",64,0.8611,0.855,0.8611,0.8542
1,425,0.2877014170885844,16,2.0477517485818693e-05,rmsprop,4,"[16, 32, 224, 256, 288, 448]",53,0.8158,0.8759,0.8158,0.8365
2,425,0.2877014170885844,16,2.0477517485818693e-05,rmsprop,4,"[16, 32, 224, 256, 288, 448]",94,0.8935,0.8856,0.8936,0.8877
3,425,0.2877014170885844,16,2.0477517485818693e-05,rmsprop,4,"[16, 32, 224, 256, 288, 448]",59,0.9236,0.9144,0.9236,0.9188
4,425,0.2877014170885844,16,2.0477517485818693e-05,rmsprop,4,"[16, 32, 224, 256, 288, 448]",67,0.8269,0.8435,0.8269,0.8305
1,250,0.4386096162208374,32,3.9039771990709385e-05,rmsprop,5,"[16, 32, 64, 160, 352, 448]",63,0.7402,0.7337,0.7403,0.7209
2,250,0.4386096162208374,32,3.9039771990709385e-05,rmsprop,5,"[16, 32, 64, 160, 352, 448]",61,0.7652,0.7268,0.7652,0.7392
3,250,0.4386096162208374,32,3.9039771990709385e-05,rmsprop,5,"[16, 32, 64, 160, 352, 448]",55,0.8724,0.8426,0.8724,0.8537
4,250,0.4386096162208374,32,3.9039771990709385e-05,rmsprop,5,"[16, 32, 64, 160, 352, 448]",73,0.7762,0.758,0.7762,0.7604
1,500,0.2833265994043211,32,1.875441450438416e-05,rmsprop,5,"[32, 128, 160, 224, 384, 512]",104,0.8618,0.892,0.8618,0.8732
2,500,0.2833265994043211,32,1.875441450438416e-05,rmsprop,5,"[32, 128, 160, 224, 384, 512]",115,0.909,0.8934,0.909,0.9
3,500,0.2833265994043211,32,1.875441450438416e-05,rmsprop,5,"[32, 128, 160, 224, 384, 512]",58,0.909,0.8932,0.909,0.8976
4,500,0.2833265994043211,32,1.875441450438416e-05,rmsprop,5,"[32, 128, 160, 224, 384, 512]",97,0.8585,0.88,0.8586,0.8627
1,250,0.2096187982506599,16,0.0001320860146001,adam,6,"[64, 64, 224, 256, 352, 448]",27,0.9104,0.8941,0.9104,0.901
2,250,0.2096187982506599,16,0.0001320860146001,adam,6,"[64, 64, 224, 256, 352, 448]",29,0.9365,0.9252,0.9365,0.9291
3,250,0.2096187982506599,16,0.0001320860146001,adam,6,"[64, 64, 224, 256, 352, 448]",26,0.9483,0.9344,0.9483,0.9405
4,250,0.2096187982506599,16,0.0001320860146001,adam,6,"[64, 64, 224, 256, 352, 448]",31,0.924,0.9309,0.924,0.9242
1,250,0.4380157033260363,16,7.507401946268487e-05,rmsprop,6,"[32, 96, 128, 192, 352, 512]",60,0.9254,0.9251,0.9254,0.9239
2,250,0.4380157033260363,16,7.507401946268487e-05,rmsprop,6,"[32, 96, 128, 192, 352, 512]",47,0.9345,0.9005,0.9346,0.9147
3,250,0.4380157033260363,16,7.507401946268487e-05,rmsprop,6,"[32, 96, 128, 192, 352, 512]",56,0.9354,0.9109,0.9354,0.9214
4,250,0.4380157033260363,16,7.507401946268487e-05,rmsprop,6,"[32, 96, 128, 192, 352, 512]",52,0.9016,0.9115,0.9016,0.9052
1,350,0.2388848639347272,32,1.395498849828368e-05,adam,5,"[48, 128, 192, 224, 384, 480]",81,0.9082,0.9056,0.9082,0.9066
2,350,0.2388848639347272,32,1.395498849828368e-05,adam,5,"[48, 128, 192, 224, 384, 480]",75,0.878,0.894,0.878,0.885
3,350,0.2388848639347272,32,1.395498849828368e-05,adam,5,"[48, 128, 192, 224, 384, 480]",72,0.8624,0.834,0.8624,0.8419
4,350,0.2388848639347272,32,1.395498849828368e-05,adam,5,"[48, 128, 192, 224, 384, 480]",78,0.8664,0.8675,0.8664,0.866
1,450,0.3455569054322316,16,0.0001066751423661,rmsprop,6,"[64, 112, 208, 240, 400, 400]",16,0.9401,0.9364,0.9401,0.9379
2,450,0.3455569054322316,16,0.0001066751423661,rmsprop,6,"[64, 112, 208, 240, 400, 400]",31,0.9664,0.9743,0.9664,0.9699
3,450,0.3455569054322316,16,0.0001066751423661,rmsprop,6,"[64, 112, 208, 240, 400, 400]",26,0.9353,0.9272,0.9353,0.931
4,450,0.3455569054322316,16,0.0001066751423661,rmsprop,6,"[64, 112, 208, 240, 400, 400]",18,0.9423,0.9268,0.9422,0.9338
1,350,0.4749825108830813,8,2.2266431733585626e-05,adam,3,"[32, 32, 256, 256, 288, 288]",43,0.7864,0.8202,0.7864,0.797
2,350,0.4749825108830813,8,2.2266431733585626e-05,adam,3,"[32, 32, 256, 256, 288, 288]",45,0.8377,0.8189,0.8377,0.8195
3,350,0.4749825108830813,8,2.2266431733585626e-05,adam,3,"[32, 32, 256, 256, 288, 288]",44,0.8094,0.7994,0.8094,0.8016
4,350,0.4749825108830813,8,2.2266431733585626e-05,adam,3,"[32, 32, 256, 256, 288, 288]",63,0.8349,0.8394,0.8349,0.8349
1,350,0.3035408922501906,16,0.0005350568218892,rmsprop,5,"[16, 48, 144, 240, 432, 496]",39,0.9329,0.9434,0.9329,0.9364
2,350,0.3035408922501906,16,0.0005350568218892,rmsprop,5,"[16, 48, 144, 240, 432, 496]",31,0.942,0.956,0.942,0.9478
3,350,0.3035408922501906,16,0.0005350568218892,rmsprop,5,"[16, 48, 144, 240, 432, 496]",39,0.8948,0.892,0.8948,0.8932
4,350,0.3035408922501906,16,0.0005350568218892,rmsprop,5,"[16, 48, 144, 240, 432, 496]",57,0.9105,0.9284,0.9105,0.9168
1,375,0.4258899709275246,8,0.000214936736566,adam,4,"[32, 128, 224, 224, 224, 224]",20,0.8935,0.8962,0.8936,0.8943
2,375,0.4258899709275246,8,0.000214936736566,adam,4,"[32, 128, 224, 224, 224, 224]",19,0.918,0.9111,0.918,0.9136
3,375,0.4258899709275246,8,0.000214936736566,adam,4,"[32, 128, 224, 224, 224, 224]",21,0.8976,0.8736,0.8976,0.8829
4,375,0.4258899709275246,8,0.000214936736566,adam,4,"[32, 128, 224, 224, 224, 224]",29,0.9216,0.9269,0.9216,0.9238
1,325,0.2860868388868909,16,2.2204671345507014e-05,rmsprop,6,"[48, 96, 128, 160, 320, 448]",45,0.8876,0.8716,0.8876,0.8777
2,325,0.2860868388868909,16,2.2204671345507014e-05,rmsprop,6,"[48, 96, 128, 160, 320, 448]",81,0.9241,0.9116,0.9241,0.9169
3,325,0.2860868388868909,16,2.2204671345507014e-05,rmsprop,6,"[48, 96, 128, 160, 320, 448]",53,0.8771,0.8382,0.8772,0.8502
4,325,0.2860868388868909,16,2.2204671345507014e-05,rmsprop,6,"[48, 96, 128, 160, 320, 448]",60,0.9272,0.9098,0.9272,0.9169
1,375,0.4220272179926121,8,1.0583686899785765e-05,adam,4,"[48, 48, 240, 240, 240, 336]",43,0.8637,0.869,0.8637,0.8628
2,375,0.4220272179926121,8,1.0583686899785765e-05,adam,4,"[48, 48, 240, 240, 240, 336]",52,0.9201,0.9067,0.9201,0.9106
3,375,0.4220272179926121,8,1.0583686899785765e-05,adam,4,"[48, 48, 240, 240, 240, 336]",54,0.8062,0.8384,0.8062,0.8189
4,375,0.4220272179926121,8,1.0583686899785765e-05,adam,4,"[48, 48, 240, 240, 240, 336]",73,0.8891,0.8842,0.8891,0.8839
1,275,0.3590503449666223,8,0.0003093109043028,adam,6,"[16, 80, 240, 240, 368, 368]",29,0.9046,0.8924,0.9046,0.8966
2,275,0.3590503449666223,8,0.0003093109043028,adam,6,"[16, 80, 240, 240, 368, 368]",38,0.8577,0.8487,0.8576,0.8505
3,275,0.3590503449666223,8,0.0003093109043028,adam,6,"[16, 80, 240, 240, 368, 368]",26,0.93,0.9134,0.93,0.9203
4,275,0.3590503449666223,8,0.0003093109043028,adam,6,"[16, 80, 240, 240, 368, 368]",16,0.8613,0.8531,0.8613,0.8558
1,300,0.225397664195406,8,2.01898830068226e-05,adam,5,"[32, 32, 96, 224, 448, 448]",48,0.8715,0.8779,0.8715,0.8743
2,300,0.225397664195406,8,2.01898830068226e-05,adam,5,"[32, 32, 96, 224, 448, 448]",54,0.9123,0.8833,0.9123,0.8956
3,300,0.225397664195406,8,2.01898830068226e-05,adam,5,"[32, 32, 96, 224, 448, 448]",55,0.8552,0.8217,0.8552,0.8344
4,300,0.225397664195406,8,2.01898830068226e-05,adam,5,"[32, 32, 96, 224, 448, 448]",61,0.9281,0.9375,0.9281,0.9318
1,325,0.218846637322235,8,0.0005124680005834,rmsprop,5,"[64, 80, 240, 240, 432, 496]",21,0.6368,0.5876,0.6368,0.5567
2,325,0.218846637322235,8,0.0005124680005834,rmsprop,5,"[64, 80, 240, 240, 432, 496]",19,0.9627,0.9557,0.9627,0.9588
3,325,0.218846637322235,8,0.0005124680005834,rmsprop,5,"[64, 80, 240, 240, 432, 496]",34,0.9531,0.9531,0.9531,0.9531
4,325,0.218846637322235,8,0.0005124680005834,rmsprop,5,"[64, 80, 240, 240, 432, 496]",28,0.9429,0.9362,0.9429,0.9386
1,250,0.4017577895483415,8,5.752015695596988e-05,rmsprop,4,"[64, 80, 144, 144, 432, 464]",34,0.8965,0.8863,0.8964,0.8862
2,250,0.4017577895483415,8,5.752015695596988e-05,rmsprop,4,"[64, 80, 144, 144, 432, 464]",25,0.868,0.8519,0.868,0.8583
3,250,0.4017577895483415,8,5.752015695596988e-05,rmsprop,4,"[64, 80, 144, 144, 432, 464]",35,0.8544,0.8294,0.8544,0.8382
4,250,0.4017577895483415,8,5.752015695596988e-05,rmsprop,4,"[64, 80, 144, 144, 432, 464]",50,0.9201,0.9034,0.9201,0.9098
1,250,0.2699098581523874,16,0.0001238216661377,rmsprop,6,"[16, 96, 160, 160, 192, 224]",62,0.9333,0.9237,0.9333,0.9276
2,250,0.2699098581523874,16,0.0001238216661377,rmsprop,6,"[16, 96, 160, 160, 192, 224]",38,0.918,0.9135,0.918,0.9113
3,250,0.2699098581523874,16,0.0001238216661377,rmsprop,6,"[16, 96, 160, 160, 192, 224]",44,0.9338,0.9165,0.9338,0.924
4,250,0.2699098581523874,16,0.0001238216661377,rmsprop,6,"[16, 96, 160, 160, 192, 224]",51,0.956,0.9331,0.956,0.943
1,475,0.3619587495413832,8,0.0003736251986367,adam,3,"[48, 112, 144, 208, 208, 240]",17,0.9013,0.9235,0.9012,0.91
2,475,0.3619587495413832,8,0.0003736251986367,adam,3,"[48, 112, 144, 208, 208, 240]",24,0.8822,0.8875,0.8822,0.882
3,475,0.3619587495413832,8,0.0003736251986367,adam,3,"[48, 112, 144, 208, 208, 240]",28,0.8753,0.8646,0.8752,0.8644
4,475,0.3619587495413832,8,0.0003736251986367,adam,3,"[48, 112, 144, 208, 208, 240]",19,0.9045,0.9,0.9044,0.9016
1,375,0.4030783894725399,32,0.0001623494305901,adam,6,"[48, 48, 208, 240, 432, 432]",50,0.9231,0.9203,0.9232,0.9209
2,375,0.4030783894725399,32,0.0001623494305901,adam,6,"[48, 48, 208, 240, 432, 432]",42,0.895,0.9286,0.895,0.9082
3,375,0.4030783894725399,32,0.0001623494305901,adam,6,"[48, 48, 208, 240, 432, 432]",50,0.9408,0.9293,0.9408,0.9347
4,375,0.4030783894725399,32,0.0001623494305901,adam,6,"[48, 48, 208, 240, 432, 432]",29,0.9186,0.9098,0.9186,0.9136
1,350,0.2449801468895839,16,0.0001348970598953,rmsprop,4,"[32, 96, 192, 256, 480, 480]",48,0.9384,0.9362,0.9384,0.9364
2,350,0.2449801468895839,16,0.0001348970598953,rmsprop,4,"[32, 96, 192, 256, 480, 480]",24,0.8681,0.888,0.8681,0.8736
3,350,0.2449801468895839,16,0.0001348970598953,rmsprop,4,"[32, 96, 192, 256, 480, 480]",36,0.9145,0.9183,0.9145,0.9146
4,350,0.2449801468895839,16,0.0001348970598953,rmsprop,4,"[32, 96, 192, 256, 480, 480]",22,0.9083,0.9054,0.9083,0.9059
1,350,0.4707267866668332,8,1.6622255850276947e-05,rmsprop,4,"[16, 96, 128, 192, 192, 352]",56,0.9014,0.8927,0.9014,0.8947
2,350,0.4707267866668332,8,1.6622255850276947e-05,rmsprop,4,"[16, 96, 128, 192, 192, 352]",64,0.8303,0.8118,0.8303,0.819
3,350,0.4707267866668332,8,1.6622255850276947e-05,rmsprop,4,"[16, 96, 128, 192, 192, 352]",57,0.8453,0.8636,0.8452,0.8431
4,350,0.4707267866668332,8,1.6622255850276947e-05,rmsprop,4,"[16, 96, 128, 192, 192, 352]",52,0.8536,0.8418,0.8536,0.8441
1,450,0.2680590876330077,16,0.0007718224858405,rmsprop,5,"[64, 128, 224, 256, 256, 512]",23,0.9329,0.9396,0.9329,0.9358
2,450,0.2680590876330077,16,0.0007718224858405,rmsprop,5,"[64, 128, 224, 256, 256, 512]",41,0.9627,0.9586,0.9627,0.9598
3,450,0.2680590876330077,16,0.0007718224858405,rmsprop,5,"[64, 128, 224, 256, 256, 512]",46,0.9833,0.9796,0.9833,0.9814
4,450,0.2680590876330077,16,0.0007718224858405,rmsprop,5,"[64, 128, 224, 256, 256, 512]",38,0.9617,0.962,0.9616,0.9612
1,500,0.3029099309396998,8,0.0005820253246293,rmsprop,6,"[48, 112, 240, 240, 432, 432]",27,0.9626,0.974,0.9626,0.9679
2,500,0.3029099309396998,8,0.0005820253246293,rmsprop,6,"[48, 112, 240, 240, 432, 432]",38,0.955,0.9588,0.955,0.9564
3,500,0.3029099309396998,8,0.0005820253246293,rmsprop,6,"[48, 112, 240, 240, 432, 432]",26,0.9756,0.9835,0.9756,0.9793
4,500,0.3029099309396998,8,0.0005820253246293,rmsprop,6,"[48, 112, 240, 240, 432, 432]",27,0.9374,0.9392,0.9374,0.937
1,350,0.2009514970732581,16,5.586609677214635e-05,rmsprop,6,"[64, 128, 256, 256, 416, 416]",56,0.9682,0.96,0.9682,0.964
2,350,0.2009514970732581,16,5.586609677214635e-05,rmsprop,6,"[64, 128, 256, 256, 416, 416]",33,0.931,0.9192,0.931,0.9234
3,350,0.2009514970732581,16,5.586609677214635e-05,rmsprop,6,"[64, 128, 256, 256, 416, 416]",39,0.9487,0.9522,0.9487,0.9499
4,350,0.2009514970732581,16,5.586609677214635e-05,rmsprop,6,"[64, 128, 256, 256, 416, 416]",42,0.9552,0.9428,0.9552,0.9486
1,325,0.3053169506510688,16,0.000202641265504,rmsprop,3,"[16, 16, 176, 176, 368, 464]",31,0.8433,0.8698,0.8433,0.8548
2,325,0.3053169506510688,16,0.000202641265504,rmsprop,3,"[16, 16, 176, 176, 368, 464]",39,0.8026,0.8392,0.8026,0.8121
3,325,0.3053169506510688,16,0.000202641265504,rmsprop,3,"[16, 16, 176, 176, 368, 464]",50,0.8054,0.815,0.8054,0.8081
4,325,0.3053169506510688,16,0.000202641265504,rmsprop,3,"[16, 16, 176, 176, 368, 464]",45,0.8844,0.8819,0.8844,0.8797
1,275,0.4172296312835294,32,0.0003067214926361,rmsprop,4,"[16, 128, 224, 224, 224, 320]",67,0.9049,0.9055,0.9048,0.9022
2,275,0.4172296312835294,32,0.0003067214926361,rmsprop,4,"[16, 128, 224, 224, 224, 320]",44,0.8628,0.8763,0.8628,0.8629
3,275,0.4172296312835294,32,0.0003067214926361,rmsprop,4,"[16, 128, 224, 224, 224, 320]",38,0.8805,0.8834,0.8805,0.8801
4,275,0.4172296312835294,32,0.0003067214926361,rmsprop,4,"[16, 128, 224, 224, 224, 320]",47,0.9021,0.9021,0.9021,0.9016
1,450,0.4452277308408225,32,1.401315009910741e-05,adam,3,"[32, 96, 256, 256, 256, 256]",120,0.8566,0.8873,0.8566,0.8683
2,450,0.4452277308408225,32,1.401315009910741e-05,adam,3,"[32, 96, 256, 256, 256, 256]",94,0.7628,0.7857,0.7628,0.7689
3,450,0.4452277308408225,32,1.401315009910741e-05,adam,3,"[32, 96, 256, 256, 256, 256]",63,0.7544,0.742,0.7544,0.7445
4,450,0.4452277308408225,32,1.401315009910741e-05,adam,3,"[32, 96, 256, 256, 256, 256]",96,0.8638,0.8445,0.8638,0.8519
1,450,0.4376363619403288,8,8.348926769267015e-05,rmsprop,3,"[48, 112, 176, 208, 208, 208]",26,0.8888,0.8755,0.8888,0.8815
2,450,0.4376363619403288,8,8.348926769267015e-05,rmsprop,3,"[48, 112, 176, 208, 208, 208]",33,0.8402,0.8609,0.8402,0.8473
3,450,0.4376363619403288,8,8.348926769267015e-05,rmsprop,3,"[48, 112, 176, 208, 208, 208]",51,0.8834,0.8831,0.8834,0.8827
4,450,0.4376363619403288,8,8.348926769267015e-05,rmsprop,3,"[48, 112, 176, 208, 208, 208]",34,0.8792,0.8768,0.8792,0.8766
1,325,0.482482557867576,8,0.0004351143273119,rmsprop,5,"[48, 96, 160, 192, 320, 512]",38,0.9628,0.9556,0.9628,0.9582
2,325,0.482482557867576,8,0.0004351143273119,rmsprop,5,"[48, 96, 160, 192, 320, 512]",28,0.9308,0.9237,0.9308,0.9268
3,325,0.482482557867576,8,0.0004351143273119,rmsprop,5,"[48, 96, 160, 192, 320, 512]",22,0.9329,0.947,0.9329,0.9378
4,325,0.482482557867576,8,0.0004351143273119,rmsprop,5,"[48, 96, 160, 192, 320, 512]",31,0.957,0.9378,0.957,0.9463
1,400,0.2867306710052174,16,0.0004873883691612,rmsprop,6,"[48, 96, 160, 192, 384, 512]",24,0.9747,0.9782,0.9746,0.9761
2,400,0.2867306710052174,16,0.0004873883691612,rmsprop,6,"[48, 96, 160, 192, 384, 512]",30,0.9249,0.9228,0.925,0.9236
3,400,0.2867306710052174,16,0.0004873883691612,rmsprop,6,"[48, 96, 160, 192, 384, 512]",34,0.9217,0.9215,0.9217,0.92
4,400,0.2867306710052174,16,0.0004873883691612,rmsprop,6,"[48, 96, 160, 192, 384, 512]",35,0.9569,0.9506,0.957,0.9536
1,250,0.2106727953816496,8,7.845771933593588e-05,rmsprop,4,"[64, 96, 192, 192, 256, 320]",36,0.8963,0.8807,0.8964,0.8871
2,250,0.2106727953816496,8,7.845771933593588e-05,rmsprop,4,"[64, 96, 192, 192, 256, 320]",18,0.8474,0.847,0.8474,0.8471
3,250,0.2106727953816496,8,7.845771933593588e-05,rmsprop,4,"[64, 96, 192, 192, 256, 320]",41,0.8863,0.8687,0.8863,0.872
4,250,0.2106727953816496,8,7.845771933593588e-05,rmsprop,4,"[64, 96, 192, 192, 256, 320]",35,0.897,0.8579,0.897,0.8725
1,500,0.3316622070043765,8,8.995545138853484e-05,rmsprop,5,"[48, 112, 112, 112, 240, 272]",32,0.972,0.9694,0.972,0.9704
2,500,0.3316622070043765,8,8.995545138853484e-05,rmsprop,5,"[48, 112, 112, 112, 240, 272]",34,0.9329,0.9365,0.9329,0.9342
3,500,0.3316622070043765,8,8.995545138853484e-05,rmsprop,5,"[48, 112, 112, 112, 240, 272]",37,0.9254,0.9303,0.9254,0.9268
4,500,0.3316622070043765,8,8.995545138853484e-05,rmsprop,5,"[48, 112, 112, 112, 240, 272]",20,0.9441,0.927,0.944,0.9341
1,350,0.2803344088509555,8,0.0002322918599882,rmsprop,3,"[64, 112, 144, 208, 336, 400]",30,0.8794,0.8782,0.8794,0.8787
2,350,0.2803344088509555,8,0.0002322918599882,rmsprop,3,"[64, 112, 144, 208, 336, 400]",32,0.8583,0.8549,0.8583,0.8527
3,350,0.2803344088509555,8,0.0002322918599882,rmsprop,3,"[64, 112, 144, 208, 336, 400]",36,0.8297,0.8132,0.8297,0.8185
4,350,0.2803344088509555,8,0.0002322918599882,rmsprop,3,"[64, 112, 144, 208, 336, 400]",22,0.8987,0.8903,0.8987,0.8942
1,425,0.2946703959149426,32,0.0002585863386527,adam,6,"[32, 80, 240, 240, 464, 464]",71,0.9212,0.9302,0.9212,0.9251
2,425,0.2946703959149426,32,0.0002585863386527,adam,6,"[32, 80, 240, 240, 464, 464]",64,0.8801,0.8844,0.8801,0.8797
3,425,0.2946703959149426,32,0.0002585863386527,adam,6,"[32, 80, 240, 240, 464, 464]",54,0.9205,0.9302,0.9206,0.9248
4,425,0.2946703959149426,32,0.0002585863386527,adam,6,"[32, 80, 240, 240, 464, 464]",43,0.9059,0.9054,0.9058,0.9044
1,475,0.37305065481172,8,4.0514664189730334e-05,adam,3,"[48, 64, 128, 192, 480, 512]",24,0.8803,0.8738,0.8803,0.8757
2,475,0.37305065481172,8,4.0514664189730334e-05,adam,3,"[48, 64, 128, 192, 480, 512]",47,0.8546,0.866,0.8546,0.8598
3,475,0.37305065481172,8,4.0514664189730334e-05,adam,3,"[48, 64, 128, 192, 480, 512]",32,0.8357,0.8502,0.8356,0.8376
4,475,0.37305065481172,8,4.0514664189730334e-05,adam,3,"[48, 64, 128, 192, 480, 512]",36,0.8235,0.8492,0.8235,0.8319
1,275,0.334940422145168,16,5.979783219629333e-05,rmsprop,5,"[16, 96, 96, 192, 416, 448]",47,0.9104,0.9135,0.9104,0.9094
2,275,0.334940422145168,16,5.979783219629333e-05,rmsprop,5,"[16, 96, 96, 192, 416, 448]",52,0.9055,0.892,0.9055,0.8981
3,275,0.334940422145168,16,5.979783219629333e-05,rmsprop,5,"[16, 96, 96, 192, 416, 448]",66,0.9403,0.9174,0.9403,0.9272
4,275,0.334940422145168,16,5.979783219629333e-05,rmsprop,5,"[16, 96, 96, 192, 416, 448]",46,0.9011,0.8951,0.9011,0.8973
1,450,0.3592710267424585,16,1.8489888156072188e-05,rmsprop,5,"[16, 112, 144, 208, 336, 464]",72,0.9011,0.9292,0.9012,0.9138
2,450,0.3592710267424585,16,1.8489888156072188e-05,rmsprop,5,"[16, 112, 144, 208, 336, 464]",74,0.8849,0.868,0.8849,0.8756
3,450,0.3592710267424585,16,1.8489888156072188e-05,rmsprop,5,"[16, 112, 144, 208, 336, 464]",76,0.943,0.927,0.943,0.9336
4,450,0.3592710267424585,16,1.8489888156072188e-05,rmsprop,5,"[16, 112, 144, 208, 336, 464]",82,0.914,0.9274,0.914,0.9175
1,375,0.2344518222678703,32,2.280944075385417e-05,rmsprop,3,"[64, 96, 224, 224, 256, 448]",79,0.8681,0.8773,0.8681,0.8723
2,375,0.2344518222678703,32,2.280944075385417e-05,rmsprop,3,"[64, 96, 224, 224, 256, 448]",43,0.8324,0.799,0.8324,0.8123
3,375,0.2344518222678703,32,2.280944075385417e-05,rmsprop,3,"[64, 96, 224, 224, 256, 448]",68,0.8469,0.8218,0.8469,0.8292
4,375,0.2344518222678703,32,2.280944075385417e-05,rmsprop,3,"[64, 96, 224, 224, 256, 448]",67,0.8152,0.798,0.8152,0.8042
1,400,0.3152300620277681,16,0.0001134818989537,adam,3,"[16, 32, 64, 160, 320, 416]",45,0.8483,0.8224,0.8483,0.8322
2,400,0.3152300620277681,16,0.0001134818989537,adam,3,"[16, 32, 64, 160, 320, 416]",39,0.834,0.8372,0.834,0.8355
3,400,0.3152300620277681,16,0.0001134818989537,adam,3,"[16, 32, 64, 160, 320, 416]",56,0.8189,0.8243,0.8189,0.8178
4,400,0.3152300620277681,16,0.0001134818989537,adam,3,"[16, 32, 64, 160, 320, 416]",43,0.8058,0.8185,0.8058,0.8094
1,325,0.2891508883453748,32,0.0007506888556262,adam,4,"[64, 96, 160, 224, 352, 384]",41,0.7194,0.7016,0.7194,0.7089
2,325,0.2891508883453748,32,0.0007506888556262,adam,4,"[64, 96, 160, 224, 352, 384]",38,0.8573,0.8308,0.8573,0.8407
3,325,0.2891508883453748,32,0.0007506888556262,adam,4,"[64, 96, 160, 224, 352, 384]",30,0.879,0.8699,0.879,0.8735
4,325,0.2891508883453748,32,0.0007506888556262,adam,4,"[64, 96, 160, 224, 352, 384]",46,0.8357,0.8488,0.8357,0.836
1,475,0.2817257919066546,8,0.0002279582902228,adam,6,"[16, 32, 192, 192, 224, 448]",22,0.9352,0.9459,0.9352,0.9399
2,475,0.2817257919066546,8,0.0002279582902228,adam,6,"[16, 32, 192, 192, 224, 448]",21,0.8935,0.8794,0.8936,0.8854
3,475,0.2817257919066546,8,0.0002279582902228,adam,6,"[16, 32, 192, 192, 224, 448]",24,0.9607,0.9573,0.9607,0.959
4,475,0.2817257919066546,8,0.0002279582902228,adam,6,"[16, 32, 192, 192, 224, 448]",26,0.9494,0.9396,0.9494,0.9443
1,275,0.3022390702263972,8,0.0003397205329856,rmsprop,6,"[16, 48, 176, 240, 464, 464]",17,0.9085,0.9033,0.9085,0.9055
2,275,0.3022390702263972,8,0.0003397205329856,rmsprop,6,"[16, 48, 176, 240, 464, 464]",26,0.9123,0.9122,0.9123,0.911
3,275,0.3022390702263972,8,0.0003397205329856,rmsprop,6,"[16, 48, 176, 240, 464, 464]",32,0.9645,0.9519,0.9645,0.9575
4,275,0.3022390702263972,8,0.0003397205329856,rmsprop,6,"[16, 48, 176, 240, 464, 464]",17,0.9459,0.9518,0.9459,0.9484
1,375,0.4447842406930743,32,5.755210248933142e-05,adam,6,"[32, 80, 208, 208, 208, 208]",48,0.9067,0.9233,0.9067,0.9144
2,375,0.4447842406930743,32,5.755210248933142e-05,adam,6,"[32, 80, 208, 208, 208, 208]",59,0.873,0.864,0.873,0.8682
3,375,0.4447842406930743,32,5.755210248933142e-05,adam,6,"[32, 80, 208, 208, 208, 208]",57,0.9217,0.9172,0.9217,0.9187
4,375,0.4447842406930743,32,5.755210248933142e-05,adam,6,"[32, 80, 208, 208, 208, 208]",54,0.9271,0.9288,0.9271,0.9273
1,475,0.2405063763168033,16,0.00062833174264,adam,3,"[48, 48, 80, 112, 304, 368]",18,0.8633,0.8783,0.8633,0.8692
2,475,0.2405063763168033,16,0.00062833174264,adam,3,"[48, 48, 80, 112, 304, 368]",27,0.8547,0.8525,0.8547,0.8533
3,475,0.2405063763168033,16,0.00062833174264,adam,3,"[48, 48, 80, 112, 304, 368]",31,0.9105,0.8901,0.9105,0.899
4,475,0.2405063763168033,16,0.00062833174264,adam,3,"[48, 48, 80, 112, 304, 368]",21,0.8732,0.8525,0.8732,0.8615
1,400,0.2400101219857332,32,1.0173452911686954e-05,rmsprop,5,"[16, 16, 112, 144, 240, 336]",65,0.6998,0.6613,0.6998,0.651
2,400,0.2400101219857332,32,1.0173452911686954e-05,rmsprop,5,"[16, 16, 112, 144, 240, 336]",109,0.7847,0.7498,0.7847,0.757
3,400,0.2400101219857332,32,1.0173452911686954e-05,rmsprop,5,"[16, 16, 112, 144, 240, 336]",44,0.675,0.6675,0.675,0.6542
4,400,0.2400101219857332,32,1.0173452911686954e-05,rmsprop,5,"[16, 16, 112, 144, 240, 336]",63,0.6997,0.6411,0.6998,0.6494
1,325,0.3868943413006155,8,0.0001371704429765,adam,6,"[64, 96, 256, 256, 448, 512]",22,0.9646,0.947,0.9646,0.953
2,325,0.3868943413006155,8,0.0001371704429765,adam,6,"[64, 96, 256, 256, 448, 512]",29,0.9369,0.9442,0.9369,0.9403
3,325,0.3868943413006155,8,0.0001371704429765,adam,6,"[64, 96, 256, 256, 448, 512]",18,0.9364,0.9258,0.9364,0.9302
4,325,0.3868943413006155,8,0.0001371704429765,adam,6,"[64, 96, 256, 256, 448, 512]",18,0.9538,0.943,0.9538,0.9481
1,275,0.2048115923300502,32,0.0002387566403426,rmsprop,3,"[16, 80, 144, 144, 272, 464]",40,0.8252,0.813,0.8252,0.8006
2,275,0.2048115923300502,32,0.0002387566403426,rmsprop,3,"[16, 80, 144, 144, 272, 464]",43,0.8754,0.8644,0.8754,0.8696
3,275,0.2048115923300502,32,0.0002387566403426,rmsprop,3,"[16, 80, 144, 144, 272, 464]",27,0.8226,0.8014,0.8226,0.8095
4,275,0.2048115923300502,32,0.0002387566403426,rmsprop,3,"[16, 80, 144, 144, 272, 464]",22,0.827,0.8395,0.827,0.8295
1,400,0.4932248706789557,32,0.0001205883638732,rmsprop,4,"[64, 80, 80, 176, 432, 496]",50,0.9071,0.901,0.9071,0.8997
2,400,0.4932248706789557,32,0.0001205883638732,rmsprop,4,"[64, 80, 80, 176, 432, 496]",71,0.9427,0.9506,0.9426,0.9462
3,400,0.4932248706789557,32,0.0001205883638732,rmsprop,4,"[64, 80, 80, 176, 432, 496]",39,0.9114,0.9119,0.9114,0.9092
4,400,0.4932248706789557,32,0.0001205883638732,rmsprop,4,"[64, 80, 80, 176, 432, 496]",51,0.8999,0.9232,0.8998,0.9102
1,250,0.4148331221229076,16,0.0002426188356345,adam,3,"[48, 64, 96, 192, 480, 512]",21,0.8351,0.8133,0.8351,0.8132
2,250,0.4148331221229076,16,0.0002426188356345,adam,3,"[48, 64, 96, 192, 480, 512]",27,0.8242,0.8294,0.8242,0.8242
3,250,0.4148331221229076,16,0.0002426188356345,adam,3,"[48, 64, 96, 192, 480, 512]",30,0.8522,0.8351,0.8522,0.8398
4,250,0.4148331221229076,16,0.0002426188356345,adam,3,"[48, 64, 96, 192, 480, 512]",36,0.8282,0.8303,0.8282,0.8246
1,500,0.4752486000744957,32,1.2922080532412252e-05,rmsprop,6,"[32, 96, 224, 224, 224, 256]",81,0.7871,0.7369,0.7871,0.7377
2,500,0.4752486000744957,32,1.2922080532412252e-05,rmsprop,6,"[32, 96, 224, 224, 224, 256]",13,0.6377,0.6278,0.6377,0.622
3,500,0.4752486000744957,32,1.2922080532412252e-05,rmsprop,6,"[32, 96, 224, 224, 224, 256]",248,0.8562,0.8256,0.8562,0.8318
4,500,0.4752486000744957,32,1.2922080532412252e-05,rmsprop,6,"[32, 96, 224, 224, 224, 256]",128,0.8331,0.8122,0.8331,0.8159
1,275,0.4995212960708096,32,0.0001398610926602,rmsprop,6,"[64, 112, 240, 240, 240, 240]",42,0.9533,0.929,0.9533,0.9385
2,275,0.4995212960708096,32,0.0001398610926602,rmsprop,6,"[64, 112, 240, 240, 240, 240]",51,0.9332,0.9376,0.9332,0.9348
3,275,0.4995212960708096,32,0.0001398610926602,rmsprop,6,"[64, 112, 240, 240, 240, 240]",52,0.9105,0.8922,0.9105,0.8983
4,275,0.4995212960708096,32,0.0001398610926602,rmsprop,6,"[64, 112, 240, 240, 240, 240]",58,0.9499,0.9569,0.9499,0.9528
1,425,0.3262341079803447,16,3.995949377090058e-05,rmsprop,4,"[32, 80, 240, 240, 304, 464]",40,0.8846,0.8628,0.8846,0.8689
2,425,0.3262341079803447,16,3.995949377090058e-05,rmsprop,4,"[32, 80, 240, 240, 304, 464]",48,0.9254,0.9174,0.9254,0.9203
3,425,0.3262341079803447,16,3.995949377090058e-05,rmsprop,4,"[32, 80, 240, 240, 304, 464]",59,0.9011,0.891,0.9011,0.8942
4,425,0.3262341079803447,16,3.995949377090058e-05,rmsprop,4,"[32, 80, 240, 240, 304, 464]",56,0.8726,0.9279,0.8726,0.8941
1,475,0.446836510082687,8,8.206492780879573e-05,adam,5,"[16, 80, 112, 176, 432, 496]",22,0.9552,0.942,0.9552,0.9471
2,475,0.446836510082687,8,8.206492780879573e-05,adam,5,"[16, 80, 112, 176, 432, 496]",26,0.9464,0.9594,0.9464,0.9525
3,475,0.446836510082687,8,8.206492780879573e-05,adam,5,"[16, 80, 112, 176, 432, 496]",23,0.9421,0.9345,0.9422,0.9376
4,475,0.446836510082687,8,8.206492780879573e-05,adam,5,"[16, 80, 112, 176, 432, 496]",26,0.9735,0.981,0.9736,0.977
1,375,0.3363895810652842,16,0.0004266872646749,rmsprop,3,"[32, 96, 96, 128, 192, 384]",21,0.8551,0.8475,0.855,0.8434
2,375,0.3363895810652842,16,0.0004266872646749,rmsprop,3,"[32, 96, 96, 128, 192, 384]",29,0.9057,0.8828,0.9057,0.8905
3,375,0.3363895810652842,16,0.0004266872646749,rmsprop,3,"[32, 96, 96, 128, 192, 384]",33,0.8522,0.8341,0.8522,0.8406
4,375,0.3363895810652842,16,0.0004266872646749,rmsprop,3,"[32, 96, 96, 128, 192, 384]",23,0.8457,0.8639,0.8457,0.8523
1,425,0.2787621684234013,32,3.2475921828023674e-05,adam,6,"[16, 32, 160, 224, 384, 448]",61,0.9269,0.9154,0.9269,0.917
2,425,0.2787621684234013,32,3.2475921828023674e-05,adam,6,"[16, 32, 160, 224, 384, 448]",61,0.9522,0.9394,0.9522,0.9447
3,425,0.2787621684234013,32,3.2475921828023674e-05,adam,6,"[16, 32, 160, 224, 384, 448]",55,0.9121,0.8974,0.9121,0.9022
4,425,0.2787621684234013,32,3.2475921828023674e-05,adam,6,"[16, 32, 160, 224, 384, 448]",67,0.9341,0.9543,0.934,0.9435
1,400,0.3772982339808762,8,0.0003527538995692,rmsprop,4,"[64, 64, 64, 192, 192, 288]",15,0.9405,0.9449,0.9405,0.9417
2,400,0.3772982339808762,8,0.0003527538995692,rmsprop,4,"[64, 64, 64, 192, 192, 288]",35,0.9166,0.9364,0.9166,0.9255
3,400,0.3772982339808762,8,0.0003527538995692,rmsprop,4,"[64, 64, 64, 192, 192, 288]",22,0.9367,0.9351,0.9368,0.9353
4,400,0.3772982339808762,8,0.0003527538995692,rmsprop,4,"[64, 64, 64, 192, 192, 288]",21,0.9371,0.966,0.9372,0.9502
1,350,0.4486544864677917,32,4.36839278577948e-05,rmsprop,5,"[16, 16, 208, 240, 368, 496]",78,0.8264,0.8115,0.8264,0.8104
2,350,0.4486544864677917,32,4.36839278577948e-05,rmsprop,5,"[16, 16, 208, 240, 368, 496]",94,0.9418,0.9348,0.9418,0.9377
3,350,0.4486544864677917,32,4.36839278577948e-05,rmsprop,5,"[16, 16, 208, 240, 368, 496]",92,0.8829,0.8711,0.8829,0.8749
4,350,0.4486544864677917,32,4.36839278577948e-05,rmsprop,5,"[16, 16, 208, 240, 368, 496]",103,0.8946,0.9155,0.8946,0.9026
1,350,0.3783172165566463,8,0.0001048128120468,adam,6,"[48, 48, 176, 176, 176, 464]",35,0.9064,0.8765,0.9064,0.8893
2,350,0.3783172165566463,8,0.0001048128120468,adam,6,"[48, 48, 176, 176, 176, 464]",28,0.8942,0.8937,0.8942,0.8934
3,350,0.3783172165566463,8,0.0001048128120468,adam,6,"[48, 48, 176, 176, 176, 464]",22,0.9247,0.9203,0.9246,0.9224
4,350,0.3783172165566463,8,0.0001048128120468,adam,6,"[48, 48, 176, 176, 176, 464]",25,0.8774,0.8764,0.8774,0.8766
1,450,0.2350988934254635,32,0.0001497050487749,adam,4,"[64, 64, 128, 128, 512, 512]",30,0.878,0.8724,0.878,0.8746
2,450,0.2350988934254635,32,0.0001497050487749,adam,4,"[64, 64, 128, 128, 512, 512]",47,0.8754,0.9072,0.8754,0.8884
3,450,0.2350988934254635,32,0.0001497050487749,adam,4,"[64, 64, 128, 128, 512, 512]",36,0.8697,0.8894,0.8698,0.8786
4,450,0.2350988934254635,32,0.0001497050487749,adam,4,"[64, 64, 128, 128, 512, 512]",39,0.8888,0.884,0.8888,0.8846
1,325,0.4428807228965506,16,0.0002926328407913,rmsprop,3,"[32, 80, 144, 240, 400, 432]",22,0.8803,0.8847,0.8802,0.876
2,325,0.4428807228965506,16,0.0002926328407913,rmsprop,3,"[32, 80, 144, 240, 400, 432]",25,0.829,0.8028,0.829,0.8138
3,325,0.4428807228965506,16,0.0002926328407913,rmsprop,3,"[32, 80, 144, 240, 400, 432]",15,0.8239,0.7922,0.8239,0.8048
4,325,0.4428807228965506,16,0.0002926328407913,rmsprop,3,"[32, 80, 144, 240, 400, 432]",38,0.8771,0.853,0.877,0.8596
1,325,0.3599201508613195,16,4.643777593989025e-05,adam,5,"[64, 64, 192, 224, 384, 512]",30,0.8875,0.8638,0.8875,0.872
2,325,0.3599201508613195,16,4.643777593989025e-05,adam,5,"[64, 64, 192, 224, 384, 512]",47,0.8462,0.8407,0.8462,0.843
3,325,0.3599201508613195,16,4.643777593989025e-05,adam,5,"[64, 64, 192, 224, 384, 512]",42,0.8998,0.8863,0.8998,0.8921
4,325,0.3599201508613195,16,4.643777593989025e-05,adam,5,"[64, 64, 192, 224, 384, 512]",27,0.8764,0.8756,0.8764,0.875
1,350,0.2624796237470418,8,1.4040717166116169e-05,adam,4,"[16, 48, 208, 208, 208, 464]",49,0.8216,0.8027,0.8216,0.81
2,350,0.2624796237470418,8,1.4040717166116169e-05,adam,4,"[16, 48, 208, 208, 208, 464]",28,0.7694,0.8167,0.7694,0.7719
3,350,0.2624796237470418,8,1.4040717166116169e-05,adam,4,"[16, 48, 208, 208, 208, 464]",34,0.7747,0.8248,0.7746,0.7912
4,350,0.2624796237470418,8,1.4040717166116169e-05,adam,4,"[16, 48, 208, 208, 208, 464]",65,0.8021,0.809,0.8021,0.801
1,475,0.3982503355704287,16,4.909606474695534e-05,adam,4,"[32, 112, 112, 176, 336, 496]",44,0.8921,0.8783,0.8922,0.8844
2,475,0.3982503355704287,16,4.909606474695534e-05,adam,4,"[32, 112, 112, 176, 336, 496]",45,0.8609,0.8755,0.8609,0.8654
3,475,0.3982503355704287,16,4.909606474695534e-05,adam,4,"[32, 112, 112, 176, 336, 496]",37,0.8548,0.863,0.8548,0.858
4,475,0.3982503355704287,16,4.909606474695534e-05,adam,4,"[32, 112, 112, 176, 336, 496]",54,0.8879,0.8732,0.8879,0.8779
1,400,0.3108556187555007,16,6.822819205863061e-05,rmsprop,6,"[16, 64, 192, 192, 320, 416]",57,0.8087,0.8302,0.8087,0.8157
2,400,0.3108556187555007,16,6.822819205863061e-05,rmsprop,6,"[16, 64, 192, 192, 320, 416]",41,0.9096,0.8983,0.9096,0.9036
3,400,0.3108556187555007,16,6.822819205863061e-05,rmsprop,6,"[16, 64, 192, 192, 320, 416]",45,0.9311,0.9132,0.9311,0.9194
4,400,0.3108556187555007,16,6.822819205863061e-05,rmsprop,6,"[16, 64, 192, 192, 320, 416]",35,0.8739,0.8659,0.8739,0.8688
1,350,0.2525686666180637,16,1.1222843154789906e-05,rmsprop,3,"[32, 48, 80, 112, 240, 432]",54,0.7588,0.8149,0.7588,0.7658
2,350,0.2525686666180637,16,1.1222843154789906e-05,rmsprop,3,"[32, 48, 80, 112, 240, 432]",72,0.7519,0.74,0.7519,0.7334
3,350,0.2525686666180637,16,1.1222843154789906e-05,rmsprop,3,"[32, 48, 80, 112, 240, 432]",54,0.8004,0.811,0.8004,0.7967
4,350,0.2525686666180637,16,1.1222843154789906e-05,rmsprop,3,"[32, 48, 80, 112, 240, 432]",59,0.7859,0.7651,0.7859,0.7664
1,375,0.2939045359044778,32,0.0001866410406593,adam,5,"[32, 112, 208, 240, 336, 368]",34,0.8615,0.8721,0.8614,0.8655
2,375,0.2939045359044778,32,0.0001866410406593,adam,5,"[32, 112, 208, 240, 336, 368]",29,0.8938,0.8974,0.8938,0.8951
3,375,0.2939045359044778,32,0.0001866410406593,adam,5,"[32, 112, 208, 240, 336, 368]",27,0.8434,0.8647,0.8434,0.8517
4,375,0.2939045359044778,32,0.0001866410406593,adam,5,"[32, 112, 208, 240, 336, 368]",31,0.8547,0.8545,0.8547,0.8545
1,450,0.2436527858967741,8,2.757046273371769e-05,adam,5,"[64, 128, 224, 256, 512, 512]",29,0.9085,0.913,0.9085,0.9104
2,450,0.2436527858967741,8,2.757046273371769e-05,adam,5,"[64, 128, 224, 256, 512, 512]",32,0.9343,0.9328,0.9342,0.933
3,450,0.2436527858967741,8,2.757046273371769e-05,adam,5,"[64, 128, 224, 256, 512, 512]",30,0.9477,0.9371,0.9477,0.9416
4,450,0.2436527858967741,8,2.757046273371769e-05,adam,5,"[64, 128, 224, 256, 512, 512]",41,0.9044,0.9039,0.9044,0.9016
1,250,0.405674894198815,32,0.000772408647669,rmsprop,4,"[64, 96, 224, 256, 352, 512]",58,0.8296,0.8301,0.8296,0.8233
2,250,0.405674894198815,32,0.000772408647669,rmsprop,4,"[64, 96, 224, 256, 352, 512]",42,0.9087,0.9148,0.9087,0.9088
3,250,0.405674894198815,32,0.000772408647669,rmsprop,4,"[64, 96, 224, 256, 352, 512]",39,0.9011,0.8969,0.9011,0.8974
4,250,0.405674894198815,32,0.000772408647669,rmsprop,4,"[64, 96, 224, 256, 352, 512]",72,0.8637,0.8554,0.8637,0.8594
1,475,0.2577910281261014,16,0.0002327463389706,adam,4,"[48, 128, 128, 128, 256, 288]",11,0.8976,0.9031,0.8976,0.8985
2,475,0.2577910281261014,16,0.0002327463389706,adam,4,"[48, 128, 128, 128, 256, 288]",20,0.9034,0.9172,0.9034,0.9084
3,475,0.2577910281261014,16,0.0002327463389706,adam,4,"[48, 128, 128, 128, 256, 288]",34,0.9607,0.9574,0.9607,0.9586
4,475,0.2577910281261014,16,0.0002327463389706,adam,4,"[48, 128, 128, 128, 256, 288]",23,0.9017,0.9016,0.9016,0.9016
1,350,0.248534152665831,16,1.5662814444980245e-05,rmsprop,6,"[48, 96, 256, 256, 416, 480]",77,0.8554,0.8558,0.8554,0.8542
2,350,0.248534152665831,16,1.5662814444980245e-05,rmsprop,6,"[48, 96, 256, 256, 416, 480]",77,0.8716,0.8715,0.8716,0.87
3,350,0.248534152665831,16,1.5662814444980245e-05,rmsprop,6,"[48, 96, 256, 256, 416, 480]",72,0.8557,0.8822,0.8558,0.8651
4,350,0.248534152665831,16,1.5662814444980245e-05,rmsprop,6,"[48, 96, 256, 256, 416, 480]",62,0.8781,0.8734,0.8781,0.8748
1,400,0.4698358872936395,8,1.8443911009298736e-05,adam,3,"[48, 64, 256, 256, 256, 448]",57,0.8502,0.8586,0.8502,0.8534
2,400,0.4698358872936395,8,1.8443911009298736e-05,adam,3,"[48, 64, 256, 256, 256, 448]",32,0.8325,0.8863,0.8325,0.8518
3,400,0.4698358872936395,8,1.8443911009298736e-05,adam,3,"[48, 64, 256, 256, 256, 448]",50,0.8237,0.8501,0.8237,0.8236
4,400,0.4698358872936395,8,1.8443911009298736e-05,adam,3,"[48, 64, 256, 256, 256, 448]",65,0.842,0.8167,0.842,0.8261
1,300,0.2039102788618614,32,0.0002162949403307,adam,6,"[16, 64, 160, 224, 512, 512]",48,0.863,0.8474,0.863,0.853
2,300,0.2039102788618614,32,0.0002162949403307,adam,6,"[16, 64, 160, 224, 512, 512]",49,0.9011,0.9008,0.9011,0.8998
3,300,0.2039102788618614,32,0.0002162949403307,adam,6,"[16, 64, 160, 224, 512, 512]",44,0.9131,0.9094,0.9131,0.9104
4,300,0.2039102788618614,32,0.0002162949403307,adam,6,"[16, 64, 160, 224, 512, 512]",71,0.9112,0.8807,0.9112,0.892
1,250,0.2556817738581848,8,0.0005022153460409,rmsprop,6,"[32, 32, 192, 224, 320, 480]",46,0.9235,0.9034,0.9235,0.9115
2,250,0.2556817738581848,8,0.0005022153460409,rmsprop,6,"[32, 32, 192, 224, 320, 480]",33,0.9085,0.9178,0.9085,0.9114
3,250,0.2556817738581848,8,0.0005022153460409,rmsprop,6,"[32, 32, 192, 224, 320, 480]",38,0.9368,0.9264,0.9368,0.9309
4,250,0.2556817738581848,8,0.0005022153460409,rmsprop,6,"[32, 32, 192, 224, 320, 480]",29,0.9378,0.9212,0.9378,0.928
1,400,0.2174186140235038,8,0.0005717120781651,rmsprop,4,"[32, 96, 224, 224, 384, 512]",14,0.9229,0.9156,0.9228,0.9188
2,400,0.2174186140235038,8,0.0005717120781651,rmsprop,4,"[32, 96, 224, 224, 384, 512]",32,0.9091,0.9166,0.9091,0.9122
3,400,0.2174186140235038,8,0.0005717120781651,rmsprop,4,"[32, 96, 224, 224, 384, 512]",29,0.9161,0.9382,0.916,0.9255
4,400,0.2174186140235038,8,0.0005717120781651,rmsprop,4,"[32, 96, 224, 224, 384, 512]",27,0.9348,0.918,0.9348,0.9252
1,425,0.3346631080081161,32,1.0038429945198075e-05,adam,3,"[16, 112, 240, 240, 464, 496]",115,0.7902,0.8112,0.7902,0.7956
2,425,0.3346631080081161,32,1.0038429945198075e-05,adam,3,"[16, 112, 240, 240, 464, 496]",122,0.7684,0.7438,0.7684,0.7521
3,425,0.3346631080081161,32,1.0038429945198075e-05,adam,3,"[16, 112, 240, 240, 464, 496]",82,0.7463,0.7974,0.7464,0.7564
4,425,0.3346631080081161,32,1.0038429945198075e-05,adam,3,"[16, 112, 240, 240, 464, 496]",69,0.7352,0.7425,0.7352,0.7194
1,275,0.3260128029919678,8,3.439809422996047e-05,adam,5,"[64, 96, 256, 256, 320, 448]",20,0.91,0.8953,0.91,0.9013
2,275,0.3260128029919678,8,3.439809422996047e-05,adam,5,"[64, 96, 256, 256, 320, 448]",22,0.8988,0.875,0.8988,0.8846
3,275,0.3260128029919678,8,3.439809422996047e-05,adam,5,"[64, 96, 256, 256, 320, 448]",25,0.9086,0.9224,0.9086,0.9139
4,275,0.3260128029919678,8,3.439809422996047e-05,adam,5,"[64, 96, 256, 256, 320, 448]",36,0.9203,0.903,0.9203,0.9108
1,500,0.4178215658946088,16,0.0004476545411722,adam,4,"[64, 112, 240, 240, 336, 368]",26,0.9121,0.8941,0.9121,0.902
2,500,0.4178215658946088,16,0.0004476545411722,adam,4,"[64, 112, 240, 240, 336, 368]",51,0.9315,0.9225,0.9315,0.9263
3,500,0.4178215658946088,16,0.0004476545411722,adam,4,"[64, 112, 240, 240, 336, 368]",27,0.9065,0.912,0.9066,0.9088
4,500,0.4178215658946088,16,0.0004476545411722,adam,4,"[64, 112, 240, 240, 336, 368]",23,0.9424,0.9256,0.9424,0.9319
1,400,0.4743828220870698,32,4.55564918861583e-05,rmsprop,6,"[48, 96, 96, 96, 256, 352]",72,0.8372,0.8461,0.8372,0.8407
2,400,0.4743828220870698,32,4.55564918861583e-05,rmsprop,6,"[48, 96, 96, 96, 256, 352]",74,0.9125,0.9001,0.9126,0.9035
3,400,0.4743828220870698,32,4.55564918861583e-05,rmsprop,6,"[48, 96, 96, 96, 256, 352]",90,0.9205,0.9226,0.9206,0.9212
4,400,0.4743828220870698,32,4.55564918861583e-05,rmsprop,6,"[48, 96, 96, 96, 256, 352]",95,0.8807,0.875,0.8807,0.8754
1,325,0.3962730801151159,32,0.0001065700652729,adam,3,"[32, 64, 128, 224, 416, 512]",42,0.8284,0.8371,0.8284,0.8278
2,325,0.3962730801151159,32,0.0001065700652729,adam,3,"[32, 64, 128, 224, 416, 512]",39,0.8038,0.758,0.8038,0.7706
3,325,0.3962730801151159,32,0.0001065700652729,adam,3,"[32, 64, 128, 224, 416, 512]",40,0.828,0.8326,0.828,0.8288
4,325,0.3962730801151159,32,0.0001065700652729,adam,3,"[32, 64, 128, 224, 416, 512]",39,0.8366,0.8182,0.8366,0.823
1,500,0.428617501730154,16,0.0003490759393051,rmsprop,6,"[48, 80, 144, 208, 464, 464]",24,0.9666,0.9618,0.9666,0.9636
2,500,0.428617501730154,16,0.0003490759393051,rmsprop,6,"[48, 80, 144, 208, 464, 464]",27,0.9345,0.9574,0.9344,0.9448
3,500,0.428617501730154,16,0.0003490759393051,rmsprop,6,"[48, 80, 144, 208, 464, 464]",36,0.9538,0.9406,0.9538,0.9469
4,500,0.428617501730154,16,0.0003490759393051,rmsprop,6,"[48, 80, 144, 208, 464, 464]",22,0.9551,0.9605,0.9551,0.9577
1,500,0.4107515906788274,32,0.0004081973850847,rmsprop,5,"[64, 96, 192, 256, 256, 320]",34,0.9427,0.9632,0.9426,0.9523
2,500,0.4107515906788274,32,0.0004081973850847,rmsprop,5,"[64, 96, 192, 256, 256, 320]",40,0.9403,0.9516,0.9404,0.9451
3,500,0.4107515906788274,32,0.0004081973850847,rmsprop,5,"[64, 96, 192, 256, 256, 320]",26,0.9635,0.9547,0.9635,0.9584
4,500,0.4107515906788274,32,0.0004081973850847,rmsprop,5,"[64, 96, 192, 256, 256, 320]",46,0.9551,0.9571,0.9551,0.956
1,450,0.3844369006940128,8,2.9403355771587157e-05,rmsprop,4,"[32, 96, 224, 224, 480, 512]",43,0.9046,0.9264,0.9046,0.9132
2,450,0.3844369006940128,8,2.9403355771587157e-05,rmsprop,4,"[32, 96, 224, 224, 480, 512]",40,0.8784,0.8654,0.8784,0.8702
3,450,0.3844369006940128,8,2.9403355771587157e-05,rmsprop,4,"[32, 96, 224, 224, 480, 512]",41,0.9196,0.9063,0.9196,0.9125
4,450,0.3844369006940128,8,2.9403355771587157e-05,rmsprop,4,"[32, 96, 224, 224, 480, 512]",47,0.8814,0.9008,0.8814,0.8887
1,500,0.290857831357237,32,0.0001798264204948,adam,3,"[32, 80, 112, 208, 208, 304]",24,0.8543,0.8557,0.8543,0.8546
2,500,0.290857831357237,32,0.0001798264204948,adam,3,"[32, 80, 112, 208, 208, 304]",38,0.8284,0.8239,0.8284,0.8243
3,500,0.290857831357237,32,0.0001798264204948,adam,3,"[32, 80, 112, 208, 208, 304]",30,0.8712,0.8429,0.8712,0.8543
4,500,0.290857831357237,32,0.0001798264204948,adam,3,"[32, 80, 112, 208, 208, 304]",23,0.8029,0.783,0.8029,0.7917
1,475,0.476344957355117,8,1.8916332833196645e-05,adam,4,"[32, 64, 192, 224, 224, 512]",58,0.8764,0.91,0.8764,0.8894
2,475,0.476344957355117,8,1.8916332833196645e-05,adam,4,"[32, 64, 192, 224, 224, 512]",61,0.9273,0.9025,0.9273,0.9129
3,475,0.476344957355117,8,1.8916332833196645e-05,adam,4,"[32, 64, 192, 224, 224, 512]",38,0.9011,0.8994,0.9011,0.8997
4,475,0.476344957355117,8,1.8916332833196645e-05,adam,4,"[32, 64, 192, 224, 224, 512]",36,0.8685,0.8936,0.8684,0.8754
